"ambitos territoriales";"tipo de renta";"sexo";"2016"
"C.A. de Euskadi";"Renta total";"Total";20443
"C.A. de Euskadi";"Renta del trabajo";"Total";12182
"C.A. de Euskadi";"Renta capital mobiliario";"Total";1236
"C.A. de Euskadi";"Renta capital inmobiliario";"Total";425
"C.A. de Euskadi";"Renta de actividades";"Total";963
"C.A. de Euskadi";"Transferencias";"Total";5637
"C.A. de Euskadi";"Renta disponible";"Total";17149
"Araba/Álava";"Renta total";"Total";19889
"Araba/Álava";"Renta del trabajo";"Total";12204
"Araba/Álava";"Renta capital mobiliario";"Total";985
"Araba/Álava";"Renta capital inmobiliario";"Total";396
"Araba/Álava";"Renta de actividades";"Total";912
"Araba/Álava";"Transferencias";"Total";5392
"Araba/Álava";"Renta disponible";"Total";16694
"Bizkaia";"Renta total";"Total";19818
"Bizkaia";"Renta del trabajo";"Total";11956
"Bizkaia";"Renta capital mobiliario";"Total";1144
"Bizkaia";"Renta capital inmobiliario";"Total";384
"Bizkaia";"Renta de actividades";"Total";947
"Bizkaia";"Transferencias";"Total";5387
"Bizkaia";"Renta disponible";"Total";16565
"Gipuzkoa";"Renta total";"Total";21714
"Gipuzkoa";"Renta del trabajo";"Total";12541
"Gipuzkoa";"Renta capital mobiliario";"Total";1501
"Gipuzkoa";"Renta capital inmobiliario";"Total";505
"Gipuzkoa";"Renta de actividades";"Total";1011
"Gipuzkoa";"Transferencias";"Total";6157
"Gipuzkoa";"Renta disponible";"Total";18306
"Arabako Ibarrak / Valles Alaveses";"Renta total";"Total";18519
"Arabako Ibarrak / Valles Alaveses";"Renta del trabajo";"Total";11084
"Arabako Ibarrak / Valles Alaveses";"Renta capital mobiliario";"Total";785
"Arabako Ibarrak / Valles Alaveses";"Renta capital inmobiliario";"Total";363
"Arabako Ibarrak / Valles Alaveses";"Renta de actividades";"Total";1571
"Arabako Ibarrak / Valles Alaveses";"Transferencias";"Total";4717
"Arabako Ibarrak / Valles Alaveses";"Renta disponible";"Total";15675
"Arabako Lautada / Llanada Alavesa";"Renta total";"Total";20113
"Arabako Lautada / Llanada Alavesa";"Renta del trabajo";"Total";12471
"Arabako Lautada / Llanada Alavesa";"Renta capital mobiliario";"Total";1011
"Arabako Lautada / Llanada Alavesa";"Renta capital inmobiliario";"Total";413
"Arabako Lautada / Llanada Alavesa";"Renta de actividades";"Total";782
"Arabako Lautada / Llanada Alavesa";"Transferencias";"Total";5436
"Arabako Lautada / Llanada Alavesa";"Renta disponible";"Total";16854
"Arabako Mendialdea / Montaña Alavesa";"Renta total";"Total";18622
"Arabako Mendialdea / Montaña Alavesa";"Renta del trabajo";"Total";10172
"Arabako Mendialdea / Montaña Alavesa";"Renta capital mobiliario";"Total";743
"Arabako Mendialdea / Montaña Alavesa";"Renta capital inmobiliario";"Total";353
"Arabako Mendialdea / Montaña Alavesa";"Renta de actividades";"Total";1853
"Arabako Mendialdea / Montaña Alavesa";"Transferencias";"Total";5501
"Arabako Mendialdea / Montaña Alavesa";"Renta disponible";"Total";15905
"Arratia Nerbioi / Arratia-Nervión";"Renta total";"Total";19794
"Arratia Nerbioi / Arratia-Nervión";"Renta del trabajo";"Total";12619
"Arratia Nerbioi / Arratia-Nervión";"Renta capital mobiliario";"Total";839
"Arratia Nerbioi / Arratia-Nervión";"Renta capital inmobiliario";"Total";319
"Arratia Nerbioi / Arratia-Nervión";"Renta de actividades";"Total";862
"Arratia Nerbioi / Arratia-Nervión";"Transferencias";"Total";5156
"Arratia Nerbioi / Arratia-Nervión";"Renta disponible";"Total";16725
"Bidasoa Beherea / Bajo Bidasoa";"Renta total";"Total";18854
"Bidasoa Beherea / Bajo Bidasoa";"Renta del trabajo";"Total";10842
"Bidasoa Beherea / Bajo Bidasoa";"Renta capital mobiliario";"Total";1011
"Bidasoa Beherea / Bajo Bidasoa";"Renta capital inmobiliario";"Total";547
"Bidasoa Beherea / Bajo Bidasoa";"Renta de actividades";"Total";1112
"Bidasoa Beherea / Bajo Bidasoa";"Transferencias";"Total";5342
"Bidasoa Beherea / Bajo Bidasoa";"Renta disponible";"Total";15980
"Bilbo Handia / Gran Bilbao";"Renta total";"Total";19712
"Bilbo Handia / Gran Bilbao";"Renta del trabajo";"Total";11726
"Bilbo Handia / Gran Bilbao";"Renta capital mobiliario";"Total";1159
"Bilbo Handia / Gran Bilbao";"Renta capital inmobiliario";"Total";392
"Bilbo Handia / Gran Bilbao";"Renta de actividades";"Total";935
"Bilbo Handia / Gran Bilbao";"Transferencias";"Total";5500
"Bilbo Handia / Gran Bilbao";"Renta disponible";"Total";16458
"Deba Beherea / Bajo Deba";"Renta total";"Total";22060
"Deba Beherea / Bajo Deba";"Renta del trabajo";"Total";12346
"Deba Beherea / Bajo Deba";"Renta capital mobiliario";"Total";2123
"Deba Beherea / Bajo Deba";"Renta capital inmobiliario";"Total";363
"Deba Beherea / Bajo Deba";"Renta de actividades";"Total";762
"Deba Beherea / Bajo Deba";"Transferencias";"Total";6467
"Deba Beherea / Bajo Deba";"Renta disponible";"Total";18636
"Debagoiena / Alto Deba";"Renta total";"Total";23323
"Debagoiena / Alto Deba";"Renta del trabajo";"Total";13372
"Debagoiena / Alto Deba";"Renta capital mobiliario";"Total";1839
"Debagoiena / Alto Deba";"Renta capital inmobiliario";"Total";245
"Debagoiena / Alto Deba";"Renta de actividades";"Total";706
"Debagoiena / Alto Deba";"Transferencias";"Total";7161
"Debagoiena / Alto Deba";"Renta disponible";"Total";19992
"Donostialdea / Donostia-San Sebastián";"Renta total";"Total";21957
"Donostialdea / Donostia-San Sebastián";"Renta del trabajo";"Total";12468
"Donostialdea / Donostia-San Sebastián";"Renta capital mobiliario";"Total";1528
"Donostialdea / Donostia-San Sebastián";"Renta capital inmobiliario";"Total";617
"Donostialdea / Donostia-San Sebastián";"Renta de actividades";"Total";1118
"Donostialdea / Donostia-San Sebastián";"Transferencias";"Total";6227
"Donostialdea / Donostia-San Sebastián";"Renta disponible";"Total";18381
"Durangaldea / Duranguesado";"Renta total";"Total";20401
"Durangaldea / Duranguesado";"Renta del trabajo";"Total";13071
"Durangaldea / Duranguesado";"Renta capital mobiliario";"Total";1040
"Durangaldea / Duranguesado";"Renta capital inmobiliario";"Total";322
"Durangaldea / Duranguesado";"Renta de actividades";"Total";921
"Durangaldea / Duranguesado";"Transferencias";"Total";5046
"Durangaldea / Duranguesado";"Renta disponible";"Total";17119
"Enkartazioak / Encartaciones";"Renta total";"Total";16847
"Enkartazioak / Encartaciones";"Renta del trabajo";"Total";10026
"Enkartazioak / Encartaciones";"Renta capital mobiliario";"Total";546
"Enkartazioak / Encartaciones";"Renta capital inmobiliario";"Total";259
"Enkartazioak / Encartaciones";"Renta de actividades";"Total";992
"Enkartazioak / Encartaciones";"Transferencias";"Total";5024
"Enkartazioak / Encartaciones";"Renta disponible";"Total";14484
"Errioxa Arabarra / Rioja Alavesa";"Renta total";"Total";16689
"Errioxa Arabarra / Rioja Alavesa";"Renta del trabajo";"Total";7890
"Errioxa Arabarra / Rioja Alavesa";"Renta capital mobiliario";"Total";888
"Errioxa Arabarra / Rioja Alavesa";"Renta capital inmobiliario";"Total";383
"Errioxa Arabarra / Rioja Alavesa";"Renta de actividades";"Total";3351
"Errioxa Arabarra / Rioja Alavesa";"Transferencias";"Total";4176
"Errioxa Arabarra / Rioja Alavesa";"Renta disponible";"Total";14253
"Gernika-Bermeo";"Renta total";"Total";19675
"Gernika-Bermeo";"Renta del trabajo";"Total";11469
"Gernika-Bermeo";"Renta capital mobiliario";"Total";1582
"Gernika-Bermeo";"Renta capital inmobiliario";"Total";327
"Gernika-Bermeo";"Renta de actividades";"Total";934
"Gernika-Bermeo";"Transferencias";"Total";5363
"Gernika-Bermeo";"Renta disponible";"Total";16544
"Goierri";"Renta total";"Total";22515
"Goierri";"Renta del trabajo";"Total";13478
"Goierri";"Renta capital mobiliario";"Total";1619
"Goierri";"Renta capital inmobiliario";"Total";293
"Goierri";"Renta de actividades";"Total";825
"Goierri";"Transferencias";"Total";6299
"Goierri";"Renta disponible";"Total";19086
"Gorbeia Inguruak / Estribaciones del Gorbea";"Renta total";"Total";23259
"Gorbeia Inguruak / Estribaciones del Gorbea";"Renta del trabajo";"Total";15363
"Gorbeia Inguruak / Estribaciones del Gorbea";"Renta capital mobiliario";"Total";1437
"Gorbeia Inguruak / Estribaciones del Gorbea";"Renta capital inmobiliario";"Total";449
"Gorbeia Inguruak / Estribaciones del Gorbea";"Renta de actividades";"Total";1236
"Gorbeia Inguruak / Estribaciones del Gorbea";"Transferencias";"Total";4774
"Gorbeia Inguruak / Estribaciones del Gorbea";"Renta disponible";"Total";19190
"Kantauri Arabarra / Cantábrica Alavesa";"Renta total";"Total";18798
"Kantauri Arabarra / Cantábrica Alavesa";"Renta del trabajo";"Total";11227
"Kantauri Arabarra / Cantábrica Alavesa";"Renta capital mobiliario";"Total";774
"Kantauri Arabarra / Cantábrica Alavesa";"Renta capital inmobiliario";"Total";272
"Kantauri Arabarra / Cantábrica Alavesa";"Renta de actividades";"Total";801
"Kantauri Arabarra / Cantábrica Alavesa";"Transferencias";"Total";5724
"Kantauri Arabarra / Cantábrica Alavesa";"Renta disponible";"Total";15943
"Markina-Ondarroa";"Renta total";"Total";18639
"Markina-Ondarroa";"Renta del trabajo";"Total";11102
"Markina-Ondarroa";"Renta capital mobiliario";"Total";1119
"Markina-Ondarroa";"Renta capital inmobiliario";"Total";303
"Markina-Ondarroa";"Renta de actividades";"Total";926
"Markina-Ondarroa";"Transferencias";"Total";5189
"Markina-Ondarroa";"Renta disponible";"Total";15904
"Plentzia-Mungia";"Renta total";"Total";22933
"Plentzia-Mungia";"Renta del trabajo";"Total";15323
"Plentzia-Mungia";"Renta capital mobiliario";"Total";1218
"Plentzia-Mungia";"Renta capital inmobiliario";"Total";548
"Plentzia-Mungia";"Renta de actividades";"Total";1226
"Plentzia-Mungia";"Transferencias";"Total";4619
"Plentzia-Mungia";"Renta disponible";"Total";18797
"Tolosaldea/Tolosa";"Renta total";"Total";21066
"Tolosaldea/Tolosa";"Renta del trabajo";"Total";12803
"Tolosaldea/Tolosa";"Renta capital mobiliario";"Total";954
"Tolosaldea/Tolosa";"Renta capital inmobiliario";"Total";438
"Tolosaldea/Tolosa";"Renta de actividades";"Total";930
"Tolosaldea/Tolosa";"Transferencias";"Total";5941
"Tolosaldea/Tolosa";"Renta disponible";"Total";17894
"Urola-Kostaldea / Urola Costa";"Renta total";"Total";21666
"Urola-Kostaldea / Urola Costa";"Renta del trabajo";"Total";13056
"Urola-Kostaldea / Urola Costa";"Renta capital mobiliario";"Total";1377
"Urola-Kostaldea / Urola Costa";"Renta capital inmobiliario";"Total";525
"Urola-Kostaldea / Urola Costa";"Renta de actividades";"Total";1099
"Urola-Kostaldea / Urola Costa";"Transferencias";"Total";5608
"Urola-Kostaldea / Urola Costa";"Renta disponible";"Total";18267
"Abadiño";"Renta total";"Total";20907
"Abadiño";"Renta del trabajo";"Total";13824
"Abadiño";"Renta capital mobiliario";"Total";967
"Abadiño";"Renta capital inmobiliario";"Total";262
"Abadiño";"Renta de actividades";"Total";695
"Abadiño";"Transferencias";"Total";5158
"Abadiño";"Renta disponible";"Total";17620
"Abaltzisketa";"Renta total";"Total";20659
"Abaltzisketa";"Renta del trabajo";"Total";12495
"Abaltzisketa";"Renta capital mobiliario";"Total";833
"Abaltzisketa";"Renta capital inmobiliario";"Total";338
"Abaltzisketa";"Renta de actividades";"Total";1614
"Abaltzisketa";"Transferencias";"Total";5379
"Abaltzisketa";"Renta disponible";"Total";17690
"Abanto y Ciérvana-Abanto Zierbena";"Renta total";"Total";17514
"Abanto y Ciérvana-Abanto Zierbena";"Renta del trabajo";"Total";11485
"Abanto y Ciérvana-Abanto Zierbena";"Renta capital mobiliario";"Total";418
"Abanto y Ciérvana-Abanto Zierbena";"Renta capital inmobiliario";"Total";150
"Abanto y Ciérvana-Abanto Zierbena";"Renta de actividades";"Total";661
"Abanto y Ciérvana-Abanto Zierbena";"Transferencias";"Total";4798
"Abanto y Ciérvana-Abanto Zierbena";"Renta disponible";"Total";14941
"Aduna";"Renta total";"Total";22779
"Aduna";"Renta del trabajo";"Total";15775
"Aduna";"Renta capital mobiliario";"Total";724
"Aduna";"Renta capital inmobiliario";"Total";610
"Aduna";"Renta de actividades";"Total";1506
"Aduna";"Transferencias";"Total";4165
"Aduna";"Renta disponible";"Total";19276
"Agurain/Salvatierra";"Renta total";"Total";17689
"Agurain/Salvatierra";"Renta del trabajo";"Total";11576
"Agurain/Salvatierra";"Renta capital mobiliario";"Total";477
"Agurain/Salvatierra";"Renta capital inmobiliario";"Total";257
"Agurain/Salvatierra";"Renta de actividades";"Total";747
"Agurain/Salvatierra";"Transferencias";"Total";4631
"Agurain/Salvatierra";"Renta disponible";"Total";15216
"Aia";"Renta total";"Total";20073
"Aia";"Renta del trabajo";"Total";12640
"Aia";"Renta capital mobiliario";"Total";711
"Aia";"Renta capital inmobiliario";"Total";371
"Aia";"Renta de actividades";"Total";1678
"Aia";"Transferencias";"Total";4673
"Aia";"Renta disponible";"Total";17117
"Aizarnazabal";"Renta total";"Total";20758
"Aizarnazabal";"Renta del trabajo";"Total";13186
"Aizarnazabal";"Renta capital mobiliario";"Total";845
"Aizarnazabal";"Renta capital inmobiliario";"Total";419
"Aizarnazabal";"Renta de actividades";"Total";949
"Aizarnazabal";"Transferencias";"Total";5359
"Aizarnazabal";"Renta disponible";"Total";17638
"Ajangiz";"Renta total";"Total";23604
"Ajangiz";"Renta del trabajo";"Total";14707
"Ajangiz";"Renta capital mobiliario";"Total";2009
"Ajangiz";"Renta capital inmobiliario";"Total";810
"Ajangiz";"Renta de actividades";"Total";1141
"Ajangiz";"Transferencias";"Total";4937
"Ajangiz";"Renta disponible";"Total";19511
"Albiztur";"Renta total";"Total";23183
"Albiztur";"Renta del trabajo";"Total";14315
"Albiztur";"Renta capital mobiliario";"Total";1636
"Albiztur";"Renta capital inmobiliario";"Total";427
"Albiztur";"Renta de actividades";"Total";1420
"Albiztur";"Transferencias";"Total";5386
"Albiztur";"Renta disponible";"Total";19703
"Alegia";"Renta total";"Total";18778
"Alegia";"Renta del trabajo";"Total";11399
"Alegia";"Renta capital mobiliario";"Total";707
"Alegia";"Renta capital inmobiliario";"Total";235
"Alegia";"Renta de actividades";"Total";809
"Alegia";"Transferencias";"Total";5628
"Alegia";"Renta disponible";"Total";16231
"Alegría-Dulantzi";"Renta total";"Total";20843
"Alegría-Dulantzi";"Renta del trabajo";"Total";15580
"Alegría-Dulantzi";"Renta capital mobiliario";"Total";514
"Alegría-Dulantzi";"Renta capital inmobiliario";"Total";302
"Alegría-Dulantzi";"Renta de actividades";"Total";998
"Alegría-Dulantzi";"Transferencias";"Total";3449
"Alegría-Dulantzi";"Renta disponible";"Total";17484
"Alkiza";"Renta total";"Total";21675
"Alkiza";"Renta del trabajo";"Total";14753
"Alkiza";"Renta capital mobiliario";"Total";346
"Alkiza";"Renta capital inmobiliario";"Total";456
"Alkiza";"Renta de actividades";"Total";1612
"Alkiza";"Transferencias";"Total";4509
"Alkiza";"Renta disponible";"Total";18436
"Alonsotegi";"Renta total";"Total";16746
"Alonsotegi";"Renta del trabajo";"Total";10079
"Alonsotegi";"Renta capital mobiliario";"Total";398
"Alonsotegi";"Renta capital inmobiliario";"Total";198
"Alonsotegi";"Renta de actividades";"Total";953
"Alonsotegi";"Transferencias";"Total";5118
"Alonsotegi";"Renta disponible";"Total";14419
"Altzaga";"Renta total";"Total";22029
"Altzaga";"Renta del trabajo";"Total";12577
"Altzaga";"Renta capital mobiliario";"Total";898
"Altzaga";"Renta capital inmobiliario";"Total";276
"Altzaga";"Renta de actividades";"Total";2225
"Altzaga";"Transferencias";"Total";6052
"Altzaga";"Renta disponible";"Total";18786
"Altzo";"Renta total";"Total";21572
"Altzo";"Renta del trabajo";"Total";14528
"Altzo";"Renta capital mobiliario";"Total";816
"Altzo";"Renta capital inmobiliario";"Total";370
"Altzo";"Renta de actividades";"Total";978
"Altzo";"Transferencias";"Total";4881
"Altzo";"Renta disponible";"Total";18299
"Amezketa";"Renta total";"Total";21411
"Amezketa";"Renta del trabajo";"Total";12425
"Amezketa";"Renta capital mobiliario";"Total";1308
"Amezketa";"Renta capital inmobiliario";"Total";262
"Amezketa";"Renta de actividades";"Total";1112
"Amezketa";"Transferencias";"Total";6305
"Amezketa";"Renta disponible";"Total";18121
"Amorebieta-Etxano";"Renta total";"Total";20108
"Amorebieta-Etxano";"Renta del trabajo";"Total";13319
"Amorebieta-Etxano";"Renta capital mobiliario";"Total";701
"Amorebieta-Etxano";"Renta capital inmobiliario";"Total";298
"Amorebieta-Etxano";"Renta de actividades";"Total";857
"Amorebieta-Etxano";"Transferencias";"Total";4932
"Amorebieta-Etxano";"Renta disponible";"Total";16885
"Amoroto";"Renta total";"Total";19570
"Amoroto";"Renta del trabajo";"Total";13129
"Amoroto";"Renta capital mobiliario";"Total";1276
"Amoroto";"Renta capital inmobiliario";"Total";262
"Amoroto";"Renta de actividades";"Total";627
"Amoroto";"Transferencias";"Total";4275
"Amoroto";"Renta disponible";"Total";16438
"Amurrio";"Renta total";"Total";18951
"Amurrio";"Renta del trabajo";"Total";11360
"Amurrio";"Renta capital mobiliario";"Total";708
"Amurrio";"Renta capital inmobiliario";"Total";333
"Amurrio";"Renta de actividades";"Total";895
"Amurrio";"Transferencias";"Total";5655
"Amurrio";"Renta disponible";"Total";16036
"Andoain";"Renta total";"Total";19471
"Andoain";"Renta del trabajo";"Total";11542
"Andoain";"Renta capital mobiliario";"Total";818
"Andoain";"Renta capital inmobiliario";"Total";302
"Andoain";"Renta de actividades";"Total";721
"Andoain";"Transferencias";"Total";6088
"Andoain";"Renta disponible";"Total";16703
"Anoeta";"Renta total";"Total";19677
"Anoeta";"Renta del trabajo";"Total";12470
"Anoeta";"Renta capital mobiliario";"Total";621
"Anoeta";"Renta capital inmobiliario";"Total";438
"Anoeta";"Renta de actividades";"Total";1055
"Anoeta";"Transferencias";"Total";5093
"Anoeta";"Renta disponible";"Total";16814
"Antzuola";"Renta total";"Total";25640
"Antzuola";"Renta del trabajo";"Total";15941
"Antzuola";"Renta capital mobiliario";"Total";2091
"Antzuola";"Renta capital inmobiliario";"Total";245
"Antzuola";"Renta de actividades";"Total";761
"Antzuola";"Transferencias";"Total";6601
"Antzuola";"Renta disponible";"Total";21607
"Añana";"Renta total";"Total";18693
"Añana";"Renta del trabajo";"Total";9917
"Añana";"Renta capital mobiliario";"Total";946
"Añana";"Renta capital inmobiliario";"Total";269
"Añana";"Renta de actividades";"Total";2797
"Añana";"Transferencias";"Total";4765
"Añana";"Renta disponible";"Total";16046
"Arakaldo";"Renta total";"Total";23201
"Arakaldo";"Renta del trabajo";"Total";16425
"Arakaldo";"Renta capital mobiliario";"Total";640
"Arakaldo";"Renta capital inmobiliario";"Total";483
"Arakaldo";"Renta de actividades";"Total";2803
"Arakaldo";"Transferencias";"Total";2850
"Arakaldo";"Renta disponible";"Total";18985
"Arama";"Renta total";"Total";29356
"Arama";"Renta del trabajo";"Total";18524
"Arama";"Renta capital mobiliario";"Total";2021
"Arama";"Renta capital inmobiliario";"Total";927
"Arama";"Renta de actividades";"Total";2173
"Arama";"Transferencias";"Total";5710
"Arama";"Renta disponible";"Total";23433
"Aramaio";"Renta total";"Total";23924
"Aramaio";"Renta del trabajo";"Total";15130
"Aramaio";"Renta capital mobiliario";"Total";3246
"Aramaio";"Renta capital inmobiliario";"Total";192
"Aramaio";"Renta de actividades";"Total";753
"Aramaio";"Transferencias";"Total";4603
"Aramaio";"Renta disponible";"Total";20063
"Arantzazu";"Renta total";"Total";22492
"Arantzazu";"Renta del trabajo";"Total";14203
"Arantzazu";"Renta capital mobiliario";"Total";867
"Arantzazu";"Renta capital inmobiliario";"Total";478
"Arantzazu";"Renta de actividades";"Total";919
"Arantzazu";"Transferencias";"Total";6024
"Arantzazu";"Renta disponible";"Total";19003
"Areatza";"Renta total";"Total";18856
"Areatza";"Renta del trabajo";"Total";11753
"Areatza";"Renta capital mobiliario";"Total";754
"Areatza";"Renta capital inmobiliario";"Total";233
"Areatza";"Renta de actividades";"Total";1177
"Areatza";"Transferencias";"Total";4939
"Areatza";"Renta disponible";"Total";15914
"Aretxabaleta";"Renta total";"Total";24483
"Aretxabaleta";"Renta del trabajo";"Total";14615
"Aretxabaleta";"Renta capital mobiliario";"Total";1905
"Aretxabaleta";"Renta capital inmobiliario";"Total";210
"Aretxabaleta";"Renta de actividades";"Total";729
"Aretxabaleta";"Transferencias";"Total";7025
"Aretxabaleta";"Renta disponible";"Total";21088
"Armiñón";"Renta total";"Total";17167
"Armiñón";"Renta del trabajo";"Total";11662
"Armiñón";"Renta capital mobiliario";"Total";244
"Armiñón";"Renta capital inmobiliario";"Total";436
"Armiñón";"Renta de actividades";"Total";1783
"Armiñón";"Transferencias";"Total";3041
"Armiñón";"Renta disponible";"Total";14649
"Arraia-Maeztu";"Renta total";"Total";19462
"Arraia-Maeztu";"Renta del trabajo";"Total";11042
"Arraia-Maeztu";"Renta capital mobiliario";"Total";870
"Arraia-Maeztu";"Renta capital inmobiliario";"Total";431
"Arraia-Maeztu";"Renta de actividades";"Total";1696
"Arraia-Maeztu";"Transferencias";"Total";5423
"Arraia-Maeztu";"Renta disponible";"Total";16578
"Arrankudiaga";"Renta total";"Total";23016
"Arrankudiaga";"Renta del trabajo";"Total";14094
"Arrankudiaga";"Renta capital mobiliario";"Total";2576
"Arrankudiaga";"Renta capital inmobiliario";"Total";498
"Arrankudiaga";"Renta de actividades";"Total";1235
"Arrankudiaga";"Transferencias";"Total";4612
"Arrankudiaga";"Renta disponible";"Total";19034
"Arrasate/Mondragón";"Renta total";"Total";22184
"Arrasate/Mondragón";"Renta del trabajo";"Total";12167
"Arrasate/Mondragón";"Renta capital mobiliario";"Total";1906
"Arrasate/Mondragón";"Renta capital inmobiliario";"Total";199
"Arrasate/Mondragón";"Renta de actividades";"Total";593
"Arrasate/Mondragón";"Transferencias";"Total";7318
"Arrasate/Mondragón";"Renta disponible";"Total";19173
"Arratzu";"Renta total";"Total";22129
"Arratzu";"Renta del trabajo";"Total";14332
"Arratzu";"Renta capital mobiliario";"Total";627
"Arratzu";"Renta capital inmobiliario";"Total";397
"Arratzu";"Renta de actividades";"Total";947
"Arratzu";"Transferencias";"Total";5826
"Arratzu";"Renta disponible";"Total";18557
"Arratzua-Ubarrundia";"Renta total";"Total";26531
"Arratzua-Ubarrundia";"Renta del trabajo";"Total";16980
"Arratzua-Ubarrundia";"Renta capital mobiliario";"Total";2148
"Arratzua-Ubarrundia";"Renta capital inmobiliario";"Total";987
"Arratzua-Ubarrundia";"Renta de actividades";"Total";1588
"Arratzua-Ubarrundia";"Transferencias";"Total";4828
"Arratzua-Ubarrundia";"Renta disponible";"Total";21611
"Arrieta";"Renta total";"Total";22302
"Arrieta";"Renta del trabajo";"Total";15883
"Arrieta";"Renta capital mobiliario";"Total";845
"Arrieta";"Renta capital inmobiliario";"Total";259
"Arrieta";"Renta de actividades";"Total";950
"Arrieta";"Transferencias";"Total";4366
"Arrieta";"Renta disponible";"Total";18322
"Arrigorriaga";"Renta total";"Total";18372
"Arrigorriaga";"Renta del trabajo";"Total";12440
"Arrigorriaga";"Renta capital mobiliario";"Total";595
"Arrigorriaga";"Renta capital inmobiliario";"Total";263
"Arrigorriaga";"Renta de actividades";"Total";797
"Arrigorriaga";"Transferencias";"Total";4277
"Arrigorriaga";"Renta disponible";"Total";15551
"Artea";"Renta total";"Total";22862
"Artea";"Renta del trabajo";"Total";14387
"Artea";"Renta capital mobiliario";"Total";1749
"Artea";"Renta capital inmobiliario";"Total";357
"Artea";"Renta de actividades";"Total";713
"Artea";"Transferencias";"Total";5656
"Artea";"Renta disponible";"Total";18980
"Artzentales";"Renta total";"Total";16498
"Artzentales";"Renta del trabajo";"Total";9033
"Artzentales";"Renta capital mobiliario";"Total";276
"Artzentales";"Renta capital inmobiliario";"Total";203
"Artzentales";"Renta de actividades";"Total";1342
"Artzentales";"Transferencias";"Total";5643
"Artzentales";"Renta disponible";"Total";14331
"Artziniega";"Renta total";"Total";18749
"Artziniega";"Renta del trabajo";"Total";12038
"Artziniega";"Renta capital mobiliario";"Total";497
"Artziniega";"Renta capital inmobiliario";"Total";183
"Artziniega";"Renta de actividades";"Total";1004
"Artziniega";"Transferencias";"Total";5027
"Artziniega";"Renta disponible";"Total";15862
"Asparrena";"Renta total";"Total";19601
"Asparrena";"Renta del trabajo";"Total";11888
"Asparrena";"Renta capital mobiliario";"Total";1269
"Asparrena";"Renta capital inmobiliario";"Total";174
"Asparrena";"Renta de actividades";"Total";1007
"Asparrena";"Transferencias";"Total";5263
"Asparrena";"Renta disponible";"Total";16660
"Asteasu";"Renta total";"Total";20842
"Asteasu";"Renta del trabajo";"Total";13019
"Asteasu";"Renta capital mobiliario";"Total";800
"Asteasu";"Renta capital inmobiliario";"Total";624
"Asteasu";"Renta de actividades";"Total";1574
"Asteasu";"Transferencias";"Total";4825
"Asteasu";"Renta disponible";"Total";17688
"Astigarraga";"Renta total";"Total";21658
"Astigarraga";"Renta del trabajo";"Total";15414
"Astigarraga";"Renta capital mobiliario";"Total";675
"Astigarraga";"Renta capital inmobiliario";"Total";435
"Astigarraga";"Renta de actividades";"Total";1299
"Astigarraga";"Transferencias";"Total";3834
"Astigarraga";"Renta disponible";"Total";18259
"Ataun";"Renta total";"Total";22594
"Ataun";"Renta del trabajo";"Total";13838
"Ataun";"Renta capital mobiliario";"Total";1063
"Ataun";"Renta capital inmobiliario";"Total";244
"Ataun";"Renta de actividades";"Total";1000
"Ataun";"Transferencias";"Total";6449
"Ataun";"Renta disponible";"Total";19206
"Atxondo";"Renta total";"Total";18891
"Atxondo";"Renta del trabajo";"Total";11667
"Atxondo";"Renta capital mobiliario";"Total";543
"Atxondo";"Renta capital inmobiliario";"Total";286
"Atxondo";"Renta de actividades";"Total";723
"Atxondo";"Transferencias";"Total";5672
"Atxondo";"Renta disponible";"Total";15993
"Aulesti";"Renta total";"Total";19805
"Aulesti";"Renta del trabajo";"Total";11566
"Aulesti";"Renta capital mobiliario";"Total";1890
"Aulesti";"Renta capital inmobiliario";"Total";298
"Aulesti";"Renta de actividades";"Total";938
"Aulesti";"Transferencias";"Total";5113
"Aulesti";"Renta disponible";"Total";16786
"Ayala/Aiara";"Renta total";"Total";20003
"Ayala/Aiara";"Renta del trabajo";"Total";13278
"Ayala/Aiara";"Renta capital mobiliario";"Total";710
"Ayala/Aiara";"Renta capital inmobiliario";"Total";313
"Ayala/Aiara";"Renta de actividades";"Total";1198
"Ayala/Aiara";"Transferencias";"Total";4504
"Ayala/Aiara";"Renta disponible";"Total";16850
"Azkoitia";"Renta total";"Total";20861
"Azkoitia";"Renta del trabajo";"Total";12745
"Azkoitia";"Renta capital mobiliario";"Total";1172
"Azkoitia";"Renta capital inmobiliario";"Total";389
"Azkoitia";"Renta de actividades";"Total";825
"Azkoitia";"Transferencias";"Total";5730
"Azkoitia";"Renta disponible";"Total";17802
"Azpeitia";"Renta total";"Total";21182
"Azpeitia";"Renta del trabajo";"Total";12356
"Azpeitia";"Renta capital mobiliario";"Total";1484
"Azpeitia";"Renta capital inmobiliario";"Total";396
"Azpeitia";"Renta de actividades";"Total";884
"Azpeitia";"Transferencias";"Total";6062
"Azpeitia";"Renta disponible";"Total";18042
"Bakio";"Renta total";"Total";24994
"Bakio";"Renta del trabajo";"Total";16447
"Bakio";"Renta capital mobiliario";"Total";1432
"Bakio";"Renta capital inmobiliario";"Total";620
"Bakio";"Renta de actividades";"Total";1514
"Bakio";"Transferencias";"Total";4981
"Bakio";"Renta disponible";"Total";20225
"Baliarrain";"Renta total";"Total";21982
"Baliarrain";"Renta del trabajo";"Total";15947
"Baliarrain";"Renta capital mobiliario";"Total";824
"Baliarrain";"Renta capital inmobiliario";"Total";123
"Baliarrain";"Renta de actividades";"Total";1120
"Baliarrain";"Transferencias";"Total";3967
"Baliarrain";"Renta disponible";"Total";18484
"Balmaseda";"Renta total";"Total";15747
"Balmaseda";"Renta del trabajo";"Total";9273
"Balmaseda";"Renta capital mobiliario";"Total";542
"Balmaseda";"Renta capital inmobiliario";"Total";227
"Balmaseda";"Renta de actividades";"Total";856
"Balmaseda";"Transferencias";"Total";4849
"Balmaseda";"Renta disponible";"Total";13614
"Baños de Ebro/Mañueta";"Renta total";"Total";15740
"Baños de Ebro/Mañueta";"Renta del trabajo";"Total";3304
"Baños de Ebro/Mañueta";"Renta capital mobiliario";"Total";359
"Baños de Ebro/Mañueta";"Renta capital inmobiliario";"Total";557
"Baños de Ebro/Mañueta";"Renta de actividades";"Total";8470
"Baños de Ebro/Mañueta";"Transferencias";"Total";3050
"Baños de Ebro/Mañueta";"Renta disponible";"Total";13228
"Barakaldo";"Renta total";"Total";16935
"Barakaldo";"Renta del trabajo";"Total";10312
"Barakaldo";"Renta capital mobiliario";"Total";447
"Barakaldo";"Renta capital inmobiliario";"Total";229
"Barakaldo";"Renta de actividades";"Total";602
"Barakaldo";"Transferencias";"Total";5345
"Barakaldo";"Renta disponible";"Total";14602
"Barrika";"Renta total";"Total";21751
"Barrika";"Renta del trabajo";"Total";13264
"Barrika";"Renta capital mobiliario";"Total";1381
"Barrika";"Renta capital inmobiliario";"Total";784
"Barrika";"Renta de actividades";"Total";1060
"Barrika";"Transferencias";"Total";5262
"Barrika";"Renta disponible";"Total";17939
"Barrundia";"Renta total";"Total";22785
"Barrundia";"Renta del trabajo";"Total";14352
"Barrundia";"Renta capital mobiliario";"Total";706
"Barrundia";"Renta capital inmobiliario";"Total";592
"Barrundia";"Renta de actividades";"Total";2321
"Barrundia";"Transferencias";"Total";4814
"Barrundia";"Renta disponible";"Total";18932
"Basauri";"Renta total";"Total";16446
"Basauri";"Renta del trabajo";"Total";9415
"Basauri";"Renta capital mobiliario";"Total";476
"Basauri";"Renta capital inmobiliario";"Total";214
"Basauri";"Renta de actividades";"Total";587
"Basauri";"Transferencias";"Total";5755
"Basauri";"Renta disponible";"Total";14271
"Beasain";"Renta total";"Total";24179
"Beasain";"Renta del trabajo";"Total";13977
"Beasain";"Renta capital mobiliario";"Total";3056
"Beasain";"Renta capital inmobiliario";"Total";387
"Beasain";"Renta de actividades";"Total";856
"Beasain";"Transferencias";"Total";5903
"Beasain";"Renta disponible";"Total";20162
"Bedia";"Renta total";"Total";18439
"Bedia";"Renta del trabajo";"Total";12252
"Bedia";"Renta capital mobiliario";"Total";521
"Bedia";"Renta capital inmobiliario";"Total";291
"Bedia";"Renta de actividades";"Total";733
"Bedia";"Transferencias";"Total";4642
"Bedia";"Renta disponible";"Total";15696
"Beizama";"Renta total";"Total";18252
"Beizama";"Renta del trabajo";"Total";11614
"Beizama";"Renta capital mobiliario";"Total";982
"Beizama";"Renta capital inmobiliario";"Total";107
"Beizama";"Renta de actividades";"Total";1796
"Beizama";"Transferencias";"Total";3752
"Beizama";"Renta disponible";"Total";15522
"Belauntza";"Renta total";"Total";21397
"Belauntza";"Renta del trabajo";"Total";10108
"Belauntza";"Renta capital mobiliario";"Total";1010
"Belauntza";"Renta capital inmobiliario";"Total";945
"Belauntza";"Renta de actividades";"Total";1451
"Belauntza";"Transferencias";"Total";7883
"Belauntza";"Renta disponible";"Total";18203
"Berango";"Renta total";"Total";24935
"Berango";"Renta del trabajo";"Total";17303
"Berango";"Renta capital mobiliario";"Total";1096
"Berango";"Renta capital inmobiliario";"Total";566
"Berango";"Renta de actividades";"Total";1364
"Berango";"Transferencias";"Total";4606
"Berango";"Renta disponible";"Total";20247
"Berantevilla";"Renta total";"Total";17077
"Berantevilla";"Renta del trabajo";"Total";8729
"Berantevilla";"Renta capital mobiliario";"Total";637
"Berantevilla";"Renta capital inmobiliario";"Total";544
"Berantevilla";"Renta de actividades";"Total";2550
"Berantevilla";"Transferencias";"Total";4617
"Berantevilla";"Renta disponible";"Total";14458
"Berastegi";"Renta total";"Total";20678
"Berastegi";"Renta del trabajo";"Total";12901
"Berastegi";"Renta capital mobiliario";"Total";525
"Berastegi";"Renta capital inmobiliario";"Total";244
"Berastegi";"Renta de actividades";"Total";1208
"Berastegi";"Transferencias";"Total";5799
"Berastegi";"Renta disponible";"Total";17641
"Bergara";"Renta total";"Total";22754
"Bergara";"Renta del trabajo";"Total";13230
"Bergara";"Renta capital mobiliario";"Total";1404
"Bergara";"Renta capital inmobiliario";"Total";291
"Bergara";"Renta de actividades";"Total";713
"Bergara";"Transferencias";"Total";7116
"Bergara";"Renta disponible";"Total";19289
"Bermeo";"Renta total";"Total";18279
"Bermeo";"Renta del trabajo";"Total";10257
"Bermeo";"Renta capital mobiliario";"Total";1472
"Bermeo";"Renta capital inmobiliario";"Total";258
"Bermeo";"Renta de actividades";"Total";742
"Bermeo";"Transferencias";"Total";5550
"Bermeo";"Renta disponible";"Total";15527
"Bernedo";"Renta total";"Total";18824
"Bernedo";"Renta del trabajo";"Total";10632
"Bernedo";"Renta capital mobiliario";"Total";587
"Bernedo";"Renta capital inmobiliario";"Total";276
"Bernedo";"Renta de actividades";"Total";2199
"Bernedo";"Transferencias";"Total";5130
"Bernedo";"Renta disponible";"Total";16148
"Berriatua";"Renta total";"Total";18911
"Berriatua";"Renta del trabajo";"Total";11483
"Berriatua";"Renta capital mobiliario";"Total";1084
"Berriatua";"Renta capital inmobiliario";"Total";330
"Berriatua";"Renta de actividades";"Total";998
"Berriatua";"Transferencias";"Total";5015
"Berriatua";"Renta disponible";"Total";16167
"Bérriz";"Renta total";"Total";20429
"Bérriz";"Renta del trabajo";"Total";12788
"Bérriz";"Renta capital mobiliario";"Total";1325
"Bérriz";"Renta capital inmobiliario";"Total";402
"Bérriz";"Renta de actividades";"Total";840
"Bérriz";"Transferencias";"Total";5073
"Bérriz";"Renta disponible";"Total";17173
"Berrobi";"Renta total";"Total";20274
"Berrobi";"Renta del trabajo";"Total";13374
"Berrobi";"Renta capital mobiliario";"Total";654
"Berrobi";"Renta capital inmobiliario";"Total";191
"Berrobi";"Renta de actividades";"Total";599
"Berrobi";"Transferencias";"Total";5456
"Berrobi";"Renta disponible";"Total";17260
"Bidania-Goiatz";"Renta total";"Total";19521
"Bidania-Goiatz";"Renta del trabajo";"Total";13550
"Bidania-Goiatz";"Renta capital mobiliario";"Total";371
"Bidania-Goiatz";"Renta capital inmobiliario";"Total";201
"Bidania-Goiatz";"Renta de actividades";"Total";1071
"Bidania-Goiatz";"Transferencias";"Total";4329
"Bidania-Goiatz";"Renta disponible";"Total";16735
"Bilbao";"Renta total";"Total";20526
"Bilbao";"Renta del trabajo";"Total";11855
"Bilbao";"Renta capital mobiliario";"Total";1467
"Bilbao";"Renta capital inmobiliario";"Total";477
"Bilbao";"Renta de actividades";"Total";1064
"Bilbao";"Transferencias";"Total";5662
"Bilbao";"Renta disponible";"Total";16976
"Busturia";"Renta total";"Total";18808
"Busturia";"Renta del trabajo";"Total";10945
"Busturia";"Renta capital mobiliario";"Total";806
"Busturia";"Renta capital inmobiliario";"Total";231
"Busturia";"Renta de actividades";"Total";795
"Busturia";"Transferencias";"Total";6031
"Busturia";"Renta disponible";"Total";15965
"Campezo/Kanpezu";"Renta total";"Total";17398
"Campezo/Kanpezu";"Renta del trabajo";"Total";9621
"Campezo/Kanpezu";"Renta capital mobiliario";"Total";914
"Campezo/Kanpezu";"Renta capital inmobiliario";"Total";260
"Campezo/Kanpezu";"Renta de actividades";"Total";1426
"Campezo/Kanpezu";"Transferencias";"Total";5176
"Campezo/Kanpezu";"Renta disponible";"Total";14946
"Deba";"Renta total";"Total";22065
"Deba";"Renta del trabajo";"Total";13004
"Deba";"Renta capital mobiliario";"Total";1359
"Deba";"Renta capital inmobiliario";"Total";417
"Deba";"Renta de actividades";"Total";1019
"Deba";"Transferencias";"Total";6266
"Deba";"Renta disponible";"Total";18633
"Derio";"Renta total";"Total";19557
"Derio";"Renta del trabajo";"Total";13220
"Derio";"Renta capital mobiliario";"Total";690
"Derio";"Renta capital inmobiliario";"Total";346
"Derio";"Renta de actividades";"Total";928
"Derio";"Transferencias";"Total";4374
"Derio";"Renta disponible";"Total";16652
"Dima";"Renta total";"Total";21606
"Dima";"Renta del trabajo";"Total";14907
"Dima";"Renta capital mobiliario";"Total";660
"Dima";"Renta capital inmobiliario";"Total";479
"Dima";"Renta de actividades";"Total";1052
"Dima";"Transferencias";"Total";4507
"Dima";"Renta disponible";"Total";18101
"Donostia / San Sebastián";"Renta total";"Total";24552
"Donostia / San Sebastián";"Renta del trabajo";"Total";13447
"Donostia / San Sebastián";"Renta capital mobiliario";"Total";2226
"Donostia / San Sebastián";"Renta capital inmobiliario";"Total";842
"Donostia / San Sebastián";"Renta de actividades";"Total";1355
"Donostia / San Sebastián";"Transferencias";"Total";6682
"Donostia / San Sebastián";"Renta disponible";"Total";20206
"Durango";"Renta total";"Total";22099
"Durango";"Renta del trabajo";"Total";14236
"Durango";"Renta capital mobiliario";"Total";1373
"Durango";"Renta capital inmobiliario";"Total";406
"Durango";"Renta de actividades";"Total";1265
"Durango";"Transferencias";"Total";4819
"Durango";"Renta disponible";"Total";18235
"Ea";"Renta total";"Total";19788
"Ea";"Renta del trabajo";"Total";10872
"Ea";"Renta capital mobiliario";"Total";1797
"Ea";"Renta capital inmobiliario";"Total";240
"Ea";"Renta de actividades";"Total";1197
"Ea";"Transferencias";"Total";5682
"Ea";"Renta disponible";"Total";16649
"Eibar";"Renta total";"Total";22937
"Eibar";"Renta del trabajo";"Total";11774
"Eibar";"Renta capital mobiliario";"Total";3165
"Eibar";"Renta capital inmobiliario";"Total";395
"Eibar";"Renta de actividades";"Total";741
"Eibar";"Transferencias";"Total";6862
"Eibar";"Renta disponible";"Total";19293
"Elantxobe";"Renta total";"Total";16778
"Elantxobe";"Renta del trabajo";"Total";8274
"Elantxobe";"Renta capital mobiliario";"Total";705
"Elantxobe";"Renta capital inmobiliario";"Total";133
"Elantxobe";"Renta de actividades";"Total";586
"Elantxobe";"Transferencias";"Total";7079
"Elantxobe";"Renta disponible";"Total";14593
"Elburgo/Burgelu";"Renta total";"Total";22737
"Elburgo/Burgelu";"Renta del trabajo";"Total";15476
"Elburgo/Burgelu";"Renta capital mobiliario";"Total";724
"Elburgo/Burgelu";"Renta capital inmobiliario";"Total";769
"Elburgo/Burgelu";"Renta de actividades";"Total";1828
"Elburgo/Burgelu";"Transferencias";"Total";3941
"Elburgo/Burgelu";"Renta disponible";"Total";18737
"Elciego";"Renta total";"Total";20020
"Elciego";"Renta del trabajo";"Total";9999
"Elciego";"Renta capital mobiliario";"Total";1468
"Elciego";"Renta capital inmobiliario";"Total";369
"Elciego";"Renta de actividades";"Total";3185
"Elciego";"Transferencias";"Total";5000
"Elciego";"Renta disponible";"Total";16527
"Elduain";"Renta total";"Total";23877
"Elduain";"Renta del trabajo";"Total";15679
"Elduain";"Renta capital mobiliario";"Total";550
"Elduain";"Renta capital inmobiliario";"Total";158
"Elduain";"Renta de actividades";"Total";728
"Elduain";"Transferencias";"Total";6762
"Elduain";"Renta disponible";"Total";19828
"Elgeta";"Renta total";"Total";22787
"Elgeta";"Renta del trabajo";"Total";14913
"Elgeta";"Renta capital mobiliario";"Total";1097
"Elgeta";"Renta capital inmobiliario";"Total";368
"Elgeta";"Renta de actividades";"Total";1303
"Elgeta";"Transferencias";"Total";5107
"Elgeta";"Renta disponible";"Total";19366
"Elgoibar";"Renta total";"Total";21714
"Elgoibar";"Renta del trabajo";"Total";13031
"Elgoibar";"Renta capital mobiliario";"Total";1366
"Elgoibar";"Renta capital inmobiliario";"Total";361
"Elgoibar";"Renta de actividades";"Total";713
"Elgoibar";"Transferencias";"Total";6243
"Elgoibar";"Renta disponible";"Total";18336
"Elorrio";"Renta total";"Total";21003
"Elorrio";"Renta del trabajo";"Total";12977
"Elorrio";"Renta capital mobiliario";"Total";1594
"Elorrio";"Renta capital inmobiliario";"Total";288
"Elorrio";"Renta de actividades";"Total";745
"Elorrio";"Transferencias";"Total";5398
"Elorrio";"Renta disponible";"Total";17697
"Elvillar/Bilar";"Renta total";"Total";15904
"Elvillar/Bilar";"Renta del trabajo";"Total";4623
"Elvillar/Bilar";"Renta capital mobiliario";"Total";910
"Elvillar/Bilar";"Renta capital inmobiliario";"Total";309
"Elvillar/Bilar";"Renta de actividades";"Total";6430
"Elvillar/Bilar";"Transferencias";"Total";3632
"Elvillar/Bilar";"Renta disponible";"Total";13966
"Erandio";"Renta total";"Total";16001
"Erandio";"Renta del trabajo";"Total";9917
"Erandio";"Renta capital mobiliario";"Total";364
"Erandio";"Renta capital inmobiliario";"Total";203
"Erandio";"Renta de actividades";"Total";684
"Erandio";"Transferencias";"Total";4833
"Erandio";"Renta disponible";"Total";13915
"Ereño";"Renta total";"Total";23088
"Ereño";"Renta del trabajo";"Total";13461
"Ereño";"Renta capital mobiliario";"Total";1595
"Ereño";"Renta capital inmobiliario";"Total";626
"Ereño";"Renta de actividades";"Total";1179
"Ereño";"Transferencias";"Total";6226
"Ereño";"Renta disponible";"Total";18659
"Ermua";"Renta total";"Total";17660
"Ermua";"Renta del trabajo";"Total";10869
"Ermua";"Renta capital mobiliario";"Total";581
"Ermua";"Renta capital inmobiliario";"Total";218
"Ermua";"Renta de actividades";"Total";664
"Ermua";"Transferencias";"Total";5328
"Ermua";"Renta disponible";"Total";15173
"Errenteria";"Renta total";"Total";17440
"Errenteria";"Renta del trabajo";"Total";10192
"Errenteria";"Renta capital mobiliario";"Total";453
"Errenteria";"Renta capital inmobiliario";"Total";255
"Errenteria";"Renta de actividades";"Total";718
"Errenteria";"Transferencias";"Total";5822
"Errenteria";"Renta disponible";"Total";15168
"Errezil";"Renta total";"Total";17701
"Errezil";"Renta del trabajo";"Total";10274
"Errezil";"Renta capital mobiliario";"Total";829
"Errezil";"Renta capital inmobiliario";"Total";211
"Errezil";"Renta de actividades";"Total";1296
"Errezil";"Transferencias";"Total";5091
"Errezil";"Renta disponible";"Total";15531
"Erriberagoitia/Ribera Alta";"Renta total";"Total";20898
"Erriberagoitia/Ribera Alta";"Renta del trabajo";"Total";13147
"Erriberagoitia/Ribera Alta";"Renta capital mobiliario";"Total";392
"Erriberagoitia/Ribera Alta";"Renta capital inmobiliario";"Total";425
"Erriberagoitia/Ribera Alta";"Renta de actividades";"Total";2134
"Erriberagoitia/Ribera Alta";"Transferencias";"Total";4800
"Erriberagoitia/Ribera Alta";"Renta disponible";"Total";17610
"Errigoiti";"Renta total";"Total";20468
"Errigoiti";"Renta del trabajo";"Total";11155
"Errigoiti";"Renta capital mobiliario";"Total";971
"Errigoiti";"Renta capital inmobiliario";"Total";514
"Errigoiti";"Renta de actividades";"Total";1984
"Errigoiti";"Transferencias";"Total";5844
"Errigoiti";"Renta disponible";"Total";17112
"Eskoriatza";"Renta total";"Total";23103
"Eskoriatza";"Renta del trabajo";"Total";13489
"Eskoriatza";"Renta capital mobiliario";"Total";1671
"Eskoriatza";"Renta capital inmobiliario";"Total";280
"Eskoriatza";"Renta de actividades";"Total";712
"Eskoriatza";"Transferencias";"Total";6951
"Eskoriatza";"Renta disponible";"Total";20090
"Etxebarri";"Renta total";"Total";19802
"Etxebarri";"Renta del trabajo";"Total";14187
"Etxebarri";"Renta capital mobiliario";"Total";456
"Etxebarri";"Renta capital inmobiliario";"Total";245
"Etxebarri";"Renta de actividades";"Total";989
"Etxebarri";"Transferencias";"Total";3924
"Etxebarri";"Renta disponible";"Total";16847
"Etxebarria";"Renta total";"Total";20497
"Etxebarria";"Renta del trabajo";"Total";12865
"Etxebarria";"Renta capital mobiliario";"Total";1170
"Etxebarria";"Renta capital inmobiliario";"Total";224
"Etxebarria";"Renta de actividades";"Total";1041
"Etxebarria";"Transferencias";"Total";5196
"Etxebarria";"Renta disponible";"Total";17444
"Ezkio-Itsaso";"Renta total";"Total";25070
"Ezkio-Itsaso";"Renta del trabajo";"Total";14674
"Ezkio-Itsaso";"Renta capital mobiliario";"Total";2184
"Ezkio-Itsaso";"Renta capital inmobiliario";"Total";262
"Ezkio-Itsaso";"Renta de actividades";"Total";1621
"Ezkio-Itsaso";"Transferencias";"Total";6328
"Ezkio-Itsaso";"Renta disponible";"Total";21246
"Forua";"Renta total";"Total";18908
"Forua";"Renta del trabajo";"Total";11436
"Forua";"Renta capital mobiliario";"Total";1194
"Forua";"Renta capital inmobiliario";"Total";291
"Forua";"Renta de actividades";"Total";969
"Forua";"Transferencias";"Total";5018
"Forua";"Renta disponible";"Total";15941
"Fruiz";"Renta total";"Total";21506
"Fruiz";"Renta del trabajo";"Total";14405
"Fruiz";"Renta capital mobiliario";"Total";950
"Fruiz";"Renta capital inmobiliario";"Total";388
"Fruiz";"Renta de actividades";"Total";855
"Fruiz";"Transferencias";"Total";4908
"Fruiz";"Renta disponible";"Total";18049
"Gabiria";"Renta total";"Total";25703
"Gabiria";"Renta del trabajo";"Total";15603
"Gabiria";"Renta capital mobiliario";"Total";2120
"Gabiria";"Renta capital inmobiliario";"Total";314
"Gabiria";"Renta de actividades";"Total";1723
"Gabiria";"Transferencias";"Total";5943
"Gabiria";"Renta disponible";"Total";21458
"Gaintza";"Renta total";"Total";20694
"Gaintza";"Renta del trabajo";"Total";11778
"Gaintza";"Renta capital mobiliario";"Total";705
"Gaintza";"Renta capital inmobiliario";"Total";579
"Gaintza";"Renta de actividades";"Total";1210
"Gaintza";"Transferencias";"Total";6422
"Gaintza";"Renta disponible";"Total";17580
"Galdakao";"Renta total";"Total";20225
"Galdakao";"Renta del trabajo";"Total";12969
"Galdakao";"Renta capital mobiliario";"Total";794
"Galdakao";"Renta capital inmobiliario";"Total";337
"Galdakao";"Renta de actividades";"Total";852
"Galdakao";"Transferencias";"Total";5272
"Galdakao";"Renta disponible";"Total";16935
"Galdames";"Renta total";"Total";19103
"Galdames";"Renta del trabajo";"Total";11474
"Galdames";"Renta capital mobiliario";"Total";547
"Galdames";"Renta capital inmobiliario";"Total";271
"Galdames";"Renta de actividades";"Total";948
"Galdames";"Transferencias";"Total";5863
"Galdames";"Renta disponible";"Total";16276
"Gamiz-Fika";"Renta total";"Total";23989
"Gamiz-Fika";"Renta del trabajo";"Total";14611
"Gamiz-Fika";"Renta capital mobiliario";"Total";1661
"Gamiz-Fika";"Renta capital inmobiliario";"Total";714
"Gamiz-Fika";"Renta de actividades";"Total";1843
"Gamiz-Fika";"Transferencias";"Total";5161
"Gamiz-Fika";"Renta disponible";"Total";19451
"Garai";"Renta total";"Total";29092
"Garai";"Renta del trabajo";"Total";19112
"Garai";"Renta capital mobiliario";"Total";1981
"Garai";"Renta capital inmobiliario";"Total";1865
"Garai";"Renta de actividades";"Total";1088
"Garai";"Transferencias";"Total";5045
"Garai";"Renta disponible";"Total";23169
"Gatika";"Renta total";"Total";21963
"Gatika";"Renta del trabajo";"Total";14856
"Gatika";"Renta capital mobiliario";"Total";591
"Gatika";"Renta capital inmobiliario";"Total";419
"Gatika";"Renta de actividades";"Total";1015
"Gatika";"Transferencias";"Total";5081
"Gatika";"Renta disponible";"Total";18256
"Gautegiz Arteaga";"Renta total";"Total";23012
"Gautegiz Arteaga";"Renta del trabajo";"Total";14563
"Gautegiz Arteaga";"Renta capital mobiliario";"Total";1313
"Gautegiz Arteaga";"Renta capital inmobiliario";"Total";572
"Gautegiz Arteaga";"Renta de actividades";"Total";1110
"Gautegiz Arteaga";"Transferencias";"Total";5453
"Gautegiz Arteaga";"Renta disponible";"Total";18809
"Gaztelu";"Renta total";"Total";18677
"Gaztelu";"Renta del trabajo";"Total";10252
"Gaztelu";"Renta capital mobiliario";"Total";425
"Gaztelu";"Renta capital inmobiliario";"Total";251
"Gaztelu";"Renta de actividades";"Total";1141
"Gaztelu";"Transferencias";"Total";6608
"Gaztelu";"Renta disponible";"Total";16381
"Gernika-Lumo";"Renta total";"Total";19806
"Gernika-Lumo";"Renta del trabajo";"Total";11864
"Gernika-Lumo";"Renta capital mobiliario";"Total";1539
"Gernika-Lumo";"Renta capital inmobiliario";"Total";343
"Gernika-Lumo";"Renta de actividades";"Total";997
"Gernika-Lumo";"Transferencias";"Total";5063
"Gernika-Lumo";"Renta disponible";"Total";16628
"Getaria";"Renta total";"Total";21885
"Getaria";"Renta del trabajo";"Total";13081
"Getaria";"Renta capital mobiliario";"Total";791
"Getaria";"Renta capital inmobiliario";"Total";720
"Getaria";"Renta de actividades";"Total";2171
"Getaria";"Transferencias";"Total";5121
"Getaria";"Renta disponible";"Total";18263
"Getxo";"Renta total";"Total";27067
"Getxo";"Renta del trabajo";"Total";15301
"Getxo";"Renta capital mobiliario";"Total";3248
"Getxo";"Renta capital inmobiliario";"Total";786
"Getxo";"Renta de actividades";"Total";1693
"Getxo";"Transferencias";"Total";6039
"Getxo";"Renta disponible";"Total";21402
"Gizaburuaga";"Renta total";"Total";22462
"Gizaburuaga";"Renta del trabajo";"Total";15065
"Gizaburuaga";"Renta capital mobiliario";"Total";2122
"Gizaburuaga";"Renta capital inmobiliario";"Total";277
"Gizaburuaga";"Renta de actividades";"Total";452
"Gizaburuaga";"Transferencias";"Total";4547
"Gizaburuaga";"Renta disponible";"Total";18736
"Gordexola";"Renta total";"Total";21356
"Gordexola";"Renta del trabajo";"Total";13652
"Gordexola";"Renta capital mobiliario";"Total";1068
"Gordexola";"Renta capital inmobiliario";"Total";344
"Gordexola";"Renta de actividades";"Total";1227
"Gordexola";"Transferencias";"Total";5066
"Gordexola";"Renta disponible";"Total";17766
"Gorliz";"Renta total";"Total";22435
"Gorliz";"Renta del trabajo";"Total";14866
"Gorliz";"Renta capital mobiliario";"Total";1067
"Gorliz";"Renta capital inmobiliario";"Total";551
"Gorliz";"Renta de actividades";"Total";1131
"Gorliz";"Transferencias";"Total";4820
"Gorliz";"Renta disponible";"Total";18454
"Güeñes";"Renta total";"Total";17269
"Güeñes";"Renta del trabajo";"Total";10992
"Güeñes";"Renta capital mobiliario";"Total";457
"Güeñes";"Renta capital inmobiliario";"Total";227
"Güeñes";"Renta de actividades";"Total";812
"Güeñes";"Transferencias";"Total";4782
"Güeñes";"Renta disponible";"Total";14856
"Harana/Valle de Arana";"Renta total";"Total";15174
"Harana/Valle de Arana";"Renta del trabajo";"Total";5524
"Harana/Valle de Arana";"Renta capital mobiliario";"Total";525
"Harana/Valle de Arana";"Renta capital inmobiliario";"Total";242
"Harana/Valle de Arana";"Renta de actividades";"Total";2436
"Harana/Valle de Arana";"Transferencias";"Total";6447
"Harana/Valle de Arana";"Renta disponible";"Total";13547
"Hernani";"Renta total";"Total";19190
"Hernani";"Renta del trabajo";"Total";11674
"Hernani";"Renta capital mobiliario";"Total";783
"Hernani";"Renta capital inmobiliario";"Total";381
"Hernani";"Renta de actividades";"Total";822
"Hernani";"Transferencias";"Total";5530
"Hernani";"Renta disponible";"Total";16452
"Hernialde";"Renta total";"Total";20692
"Hernialde";"Renta del trabajo";"Total";12030
"Hernialde";"Renta capital mobiliario";"Total";914
"Hernialde";"Renta capital inmobiliario";"Total";830
"Hernialde";"Renta de actividades";"Total";1160
"Hernialde";"Transferencias";"Total";5759
"Hernialde";"Renta disponible";"Total";17676
"Hondarribia";"Renta total";"Total";23016
"Hondarribia";"Renta del trabajo";"Total";12594
"Hondarribia";"Renta capital mobiliario";"Total";2115
"Hondarribia";"Renta capital inmobiliario";"Total";913
"Hondarribia";"Renta de actividades";"Total";1625
"Hondarribia";"Transferencias";"Total";5769
"Hondarribia";"Renta disponible";"Total";19001
"Ibarra";"Renta total";"Total";19272
"Ibarra";"Renta del trabajo";"Total";11412
"Ibarra";"Renta capital mobiliario";"Total";715
"Ibarra";"Renta capital inmobiliario";"Total";228
"Ibarra";"Renta de actividades";"Total";725
"Ibarra";"Transferencias";"Total";6193
"Ibarra";"Renta disponible";"Total";16540
"Ibarrangelu";"Renta total";"Total";24324
"Ibarrangelu";"Renta del trabajo";"Total";15039
"Ibarrangelu";"Renta capital mobiliario";"Total";1145
"Ibarrangelu";"Renta capital inmobiliario";"Total";469
"Ibarrangelu";"Renta de actividades";"Total";1312
"Ibarrangelu";"Transferencias";"Total";6360
"Ibarrangelu";"Renta disponible";"Total";19969
"Idiazabal";"Renta total";"Total";25546
"Idiazabal";"Renta del trabajo";"Total";15030
"Idiazabal";"Renta capital mobiliario";"Total";2226
"Idiazabal";"Renta capital inmobiliario";"Total";384
"Idiazabal";"Renta de actividades";"Total";877
"Idiazabal";"Transferencias";"Total";7029
"Idiazabal";"Renta disponible";"Total";21551
"Igorre";"Renta total";"Total";19589
"Igorre";"Renta del trabajo";"Total";12768
"Igorre";"Renta capital mobiliario";"Total";734
"Igorre";"Renta capital inmobiliario";"Total";319
"Igorre";"Renta de actividades";"Total";734
"Igorre";"Transferencias";"Total";5034
"Igorre";"Renta disponible";"Total";16603
"Ikaztegieta";"Renta total";"Total";22130
"Ikaztegieta";"Renta del trabajo";"Total";10924
"Ikaztegieta";"Renta capital mobiliario";"Total";3921
"Ikaztegieta";"Renta capital inmobiliario";"Total";539
"Ikaztegieta";"Renta de actividades";"Total";862
"Ikaztegieta";"Transferencias";"Total";5884
"Ikaztegieta";"Renta disponible";"Total";18850
"Irun";"Renta total";"Total";17671
"Irun";"Renta del trabajo";"Total";10344
"Irun";"Renta capital mobiliario";"Total";697
"Irun";"Renta capital inmobiliario";"Total";444
"Irun";"Renta de actividades";"Total";966
"Irun";"Transferencias";"Total";5221
"Irun";"Renta disponible";"Total";15122
"Iruña Oka/Iruña de Oca";"Renta total";"Total";19904
"Iruña Oka/Iruña de Oca";"Renta del trabajo";"Total";14277
"Iruña Oka/Iruña de Oca";"Renta capital mobiliario";"Total";547
"Iruña Oka/Iruña de Oca";"Renta capital inmobiliario";"Total";386
"Iruña Oka/Iruña de Oca";"Renta de actividades";"Total";1069
"Iruña Oka/Iruña de Oca";"Transferencias";"Total";3625
"Iruña Oka/Iruña de Oca";"Renta disponible";"Total";16735
"Irura";"Renta total";"Total";22453
"Irura";"Renta del trabajo";"Total";16371
"Irura";"Renta capital mobiliario";"Total";608
"Irura";"Renta capital inmobiliario";"Total";446
"Irura";"Renta de actividades";"Total";1095
"Irura";"Transferencias";"Total";3933
"Irura";"Renta disponible";"Total";18926
"Iruraiz-Gauna";"Renta total";"Total";19358
"Iruraiz-Gauna";"Renta del trabajo";"Total";11881
"Iruraiz-Gauna";"Renta capital mobiliario";"Total";706
"Iruraiz-Gauna";"Renta capital inmobiliario";"Total";816
"Iruraiz-Gauna";"Renta de actividades";"Total";2351
"Iruraiz-Gauna";"Transferencias";"Total";3604
"Iruraiz-Gauna";"Renta disponible";"Total";16466
"Ispaster";"Renta total";"Total";20003
"Ispaster";"Renta del trabajo";"Total";12516
"Ispaster";"Renta capital mobiliario";"Total";987
"Ispaster";"Renta capital inmobiliario";"Total";199
"Ispaster";"Renta de actividades";"Total";1002
"Ispaster";"Transferencias";"Total";5299
"Ispaster";"Renta disponible";"Total";16826
"Itsasondo";"Renta total";"Total";19647
"Itsasondo";"Renta del trabajo";"Total";12029
"Itsasondo";"Renta capital mobiliario";"Total";865
"Itsasondo";"Renta capital inmobiliario";"Total";156
"Itsasondo";"Renta de actividades";"Total";1011
"Itsasondo";"Transferencias";"Total";5586
"Itsasondo";"Renta disponible";"Total";16903
"Iurreta";"Renta total";"Total";18125
"Iurreta";"Renta del trabajo";"Total";11233
"Iurreta";"Renta capital mobiliario";"Total";549
"Iurreta";"Renta capital inmobiliario";"Total";241
"Iurreta";"Renta de actividades";"Total";750
"Iurreta";"Transferencias";"Total";5352
"Iurreta";"Renta disponible";"Total";15478
"Izurtza";"Renta total";"Total";22738
"Izurtza";"Renta del trabajo";"Total";12872
"Izurtza";"Renta capital mobiliario";"Total";1772
"Izurtza";"Renta capital inmobiliario";"Total";790
"Izurtza";"Renta de actividades";"Total";1573
"Izurtza";"Transferencias";"Total";5732
"Izurtza";"Renta disponible";"Total";19063
"Karrantza Harana/Valle de Carranza";"Renta total";"Total";13431
"Karrantza Harana/Valle de Carranza";"Renta del trabajo";"Total";5876
"Karrantza Harana/Valle de Carranza";"Renta capital mobiliario";"Total";398
"Karrantza Harana/Valle de Carranza";"Renta capital inmobiliario";"Total";237
"Karrantza Harana/Valle de Carranza";"Renta de actividades";"Total";1939
"Karrantza Harana/Valle de Carranza";"Transferencias";"Total";4981
"Karrantza Harana/Valle de Carranza";"Renta disponible";"Total";11928
"Kortezubi";"Renta total";"Total";21268
"Kortezubi";"Renta del trabajo";"Total";13430
"Kortezubi";"Renta capital mobiliario";"Total";1533
"Kortezubi";"Renta capital inmobiliario";"Total";314
"Kortezubi";"Renta de actividades";"Total";1444
"Kortezubi";"Transferencias";"Total";4548
"Kortezubi";"Renta disponible";"Total";17979
"Kripan";"Renta total";"Total";15306
"Kripan";"Renta del trabajo";"Total";5908
"Kripan";"Renta capital mobiliario";"Total";463
"Kripan";"Renta capital inmobiliario";"Total";136
"Kripan";"Renta de actividades";"Total";5061
"Kripan";"Transferencias";"Total";3737
"Kripan";"Renta disponible";"Total";13392
"Kuartango";"Renta total";"Total";20931
"Kuartango";"Renta del trabajo";"Total";12787
"Kuartango";"Renta capital mobiliario";"Total";462
"Kuartango";"Renta capital inmobiliario";"Total";411
"Kuartango";"Renta de actividades";"Total";1608
"Kuartango";"Transferencias";"Total";5662
"Kuartango";"Renta disponible";"Total";17771
"Labastida/Bastida";"Renta total";"Total";16763
"Labastida/Bastida";"Renta del trabajo";"Total";8317
"Labastida/Bastida";"Renta capital mobiliario";"Total";935
"Labastida/Bastida";"Renta capital inmobiliario";"Total";240
"Labastida/Bastida";"Renta de actividades";"Total";2505
"Labastida/Bastida";"Transferencias";"Total";4766
"Labastida/Bastida";"Renta disponible";"Total";14337
"Lagrán";"Renta total";"Total";18608
"Lagrán";"Renta del trabajo";"Total";8209
"Lagrán";"Renta capital mobiliario";"Total";584
"Lagrán";"Renta capital inmobiliario";"Total";304
"Lagrán";"Renta de actividades";"Total";1679
"Lagrán";"Transferencias";"Total";7831
"Lagrán";"Renta disponible";"Total";15879
"Laguardia";"Renta total";"Total";17730
"Laguardia";"Renta del trabajo";"Total";8724
"Laguardia";"Renta capital mobiliario";"Total";609
"Laguardia";"Renta capital inmobiliario";"Total";554
"Laguardia";"Renta de actividades";"Total";3563
"Laguardia";"Transferencias";"Total";4280
"Laguardia";"Renta disponible";"Total";15037
"Lanciego/Lantziego";"Renta total";"Total";13902
"Lanciego/Lantziego";"Renta del trabajo";"Total";5243
"Lanciego/Lantziego";"Renta capital mobiliario";"Total";438
"Lanciego/Lantziego";"Renta capital inmobiliario";"Total";448
"Lanciego/Lantziego";"Renta de actividades";"Total";3619
"Lanciego/Lantziego";"Transferencias";"Total";4154
"Lanciego/Lantziego";"Renta disponible";"Total";12289
"Lanestosa";"Renta total";"Total";13489
"Lanestosa";"Renta del trabajo";"Total";5972
"Lanestosa";"Renta capital mobiliario";"Total";1343
"Lanestosa";"Renta capital inmobiliario";"Total";415
"Lanestosa";"Renta de actividades";"Total";633
"Lanestosa";"Transferencias";"Total";5126
"Lanestosa";"Renta disponible";"Total";11890
"Lantarón";"Renta total";"Total";17564
"Lantarón";"Renta del trabajo";"Total";9089
"Lantarón";"Renta capital mobiliario";"Total";1924
"Lantarón";"Renta capital inmobiliario";"Total";404
"Lantarón";"Renta de actividades";"Total";1451
"Lantarón";"Transferencias";"Total";4696
"Lantarón";"Renta disponible";"Total";14752
"Lapuebla de Labarca";"Renta total";"Total";14937
"Lapuebla de Labarca";"Renta del trabajo";"Total";6898
"Lapuebla de Labarca";"Renta capital mobiliario";"Total";415
"Lapuebla de Labarca";"Renta capital inmobiliario";"Total";293
"Lapuebla de Labarca";"Renta de actividades";"Total";3455
"Lapuebla de Labarca";"Transferencias";"Total";3876
"Lapuebla de Labarca";"Renta disponible";"Total";13051
"Larrabetzu";"Renta total";"Total";22609
"Larrabetzu";"Renta del trabajo";"Total";15590
"Larrabetzu";"Renta capital mobiliario";"Total";920
"Larrabetzu";"Renta capital inmobiliario";"Total";361
"Larrabetzu";"Renta de actividades";"Total";881
"Larrabetzu";"Transferencias";"Total";4858
"Larrabetzu";"Renta disponible";"Total";18778
"Larraul";"Renta total";"Total";20634
"Larraul";"Renta del trabajo";"Total";15257
"Larraul";"Renta capital mobiliario";"Total";374
"Larraul";"Renta capital inmobiliario";"Total";509
"Larraul";"Renta de actividades";"Total";1325
"Larraul";"Transferencias";"Total";3169
"Larraul";"Renta disponible";"Total";17312
"Lasarte-Oria";"Renta total";"Total";18603
"Lasarte-Oria";"Renta del trabajo";"Total";10700
"Lasarte-Oria";"Renta capital mobiliario";"Total";577
"Lasarte-Oria";"Renta capital inmobiliario";"Total";308
"Lasarte-Oria";"Renta de actividades";"Total";720
"Lasarte-Oria";"Transferencias";"Total";6298
"Lasarte-Oria";"Renta disponible";"Total";16032
"Laudio/Llodio";"Renta total";"Total";18628
"Laudio/Llodio";"Renta del trabajo";"Total";10747
"Laudio/Llodio";"Renta capital mobiliario";"Total";873
"Laudio/Llodio";"Renta capital inmobiliario";"Total";240
"Laudio/Llodio";"Renta de actividades";"Total";672
"Laudio/Llodio";"Transferencias";"Total";6097
"Laudio/Llodio";"Renta disponible";"Total";15841
"Laukiz";"Renta total";"Total";31275
"Laukiz";"Renta del trabajo";"Total";16351
"Laukiz";"Renta capital mobiliario";"Total";4987
"Laukiz";"Renta capital inmobiliario";"Total";1272
"Laukiz";"Renta de actividades";"Total";3735
"Laukiz";"Transferencias";"Total";4930
"Laukiz";"Renta disponible";"Total";24530
"Lazkao";"Renta total";"Total";22433
"Lazkao";"Renta del trabajo";"Total";14506
"Lazkao";"Renta capital mobiliario";"Total";1314
"Lazkao";"Renta capital inmobiliario";"Total";269
"Lazkao";"Renta de actividades";"Total";719
"Lazkao";"Transferencias";"Total";5624
"Lazkao";"Renta disponible";"Total";18975
"Leaburu";"Renta total";"Total";19018
"Leaburu";"Renta del trabajo";"Total";9560
"Leaburu";"Renta capital mobiliario";"Total";1107
"Leaburu";"Renta capital inmobiliario";"Total";115
"Leaburu";"Renta de actividades";"Total";1692
"Leaburu";"Transferencias";"Total";6543
"Leaburu";"Renta disponible";"Total";16504
"Legazpi";"Renta total";"Total";21625
"Legazpi";"Renta del trabajo";"Total";12738
"Legazpi";"Renta capital mobiliario";"Total";1001
"Legazpi";"Renta capital inmobiliario";"Total";210
"Legazpi";"Renta de actividades";"Total";700
"Legazpi";"Transferencias";"Total";6977
"Legazpi";"Renta disponible";"Total";18511
"Legorreta";"Renta total";"Total";20518
"Legorreta";"Renta del trabajo";"Total";12215
"Legorreta";"Renta capital mobiliario";"Total";914
"Legorreta";"Renta capital inmobiliario";"Total";234
"Legorreta";"Renta de actividades";"Total";660
"Legorreta";"Transferencias";"Total";6494
"Legorreta";"Renta disponible";"Total";17577
"Legutio";"Renta total";"Total";21351
"Legutio";"Renta del trabajo";"Total";13661
"Legutio";"Renta capital mobiliario";"Total";1033
"Legutio";"Renta capital inmobiliario";"Total";330
"Legutio";"Renta de actividades";"Total";1129
"Legutio";"Transferencias";"Total";5199
"Legutio";"Renta disponible";"Total";17802
"Leintz-Gatzaga";"Renta total";"Total";24816
"Leintz-Gatzaga";"Renta del trabajo";"Total";14583
"Leintz-Gatzaga";"Renta capital mobiliario";"Total";1879
"Leintz-Gatzaga";"Renta capital inmobiliario";"Total";207
"Leintz-Gatzaga";"Renta de actividades";"Total";1429
"Leintz-Gatzaga";"Transferencias";"Total";6719
"Leintz-Gatzaga";"Renta disponible";"Total";20701
"Leioa";"Renta total";"Total";21350
"Leioa";"Renta del trabajo";"Total";14250
"Leioa";"Renta capital mobiliario";"Total";906
"Leioa";"Renta capital inmobiliario";"Total";386
"Leioa";"Renta de actividades";"Total";1004
"Leioa";"Transferencias";"Total";4803
"Leioa";"Renta disponible";"Total";17674
"Lekeitio";"Renta total";"Total";18770
"Lekeitio";"Renta del trabajo";"Total";10927
"Lekeitio";"Renta capital mobiliario";"Total";1069
"Lekeitio";"Renta capital inmobiliario";"Total";290
"Lekeitio";"Renta de actividades";"Total";1030
"Lekeitio";"Transferencias";"Total";5453
"Lekeitio";"Renta disponible";"Total";15927
"Lemoa";"Renta total";"Total";19045
"Lemoa";"Renta del trabajo";"Total";13266
"Lemoa";"Renta capital mobiliario";"Total";391
"Lemoa";"Renta capital inmobiliario";"Total";233
"Lemoa";"Renta de actividades";"Total";757
"Lemoa";"Transferencias";"Total";4398
"Lemoa";"Renta disponible";"Total";16198
"Lemoiz";"Renta total";"Total";22969
"Lemoiz";"Renta del trabajo";"Total";16142
"Lemoiz";"Renta capital mobiliario";"Total";891
"Lemoiz";"Renta capital inmobiliario";"Total";700
"Lemoiz";"Renta de actividades";"Total";889
"Lemoiz";"Transferencias";"Total";4348
"Lemoiz";"Renta disponible";"Total";19018
"Leza";"Renta total";"Total";25136
"Leza";"Renta del trabajo";"Total";7073
"Leza";"Renta capital mobiliario";"Total";7372
"Leza";"Renta capital inmobiliario";"Total";575
"Leza";"Renta de actividades";"Total";4375
"Leza";"Transferencias";"Total";5741
"Leza";"Renta disponible";"Total";21027
"Lezama";"Renta total";"Total";23871
"Lezama";"Renta del trabajo";"Total";15864
"Lezama";"Renta capital mobiliario";"Total";1316
"Lezama";"Renta capital inmobiliario";"Total";542
"Lezama";"Renta de actividades";"Total";1174
"Lezama";"Transferencias";"Total";4975
"Lezama";"Renta disponible";"Total";19315
"Lezo";"Renta total";"Total";18427
"Lezo";"Renta del trabajo";"Total";11551
"Lezo";"Renta capital mobiliario";"Total";558
"Lezo";"Renta capital inmobiliario";"Total";279
"Lezo";"Renta de actividades";"Total";886
"Lezo";"Transferencias";"Total";5152
"Lezo";"Renta disponible";"Total";15904
"Lizartza";"Renta total";"Total";18882
"Lizartza";"Renta del trabajo";"Total";11065
"Lizartza";"Renta capital mobiliario";"Total";557
"Lizartza";"Renta capital inmobiliario";"Total";269
"Lizartza";"Renta de actividades";"Total";715
"Lizartza";"Transferencias";"Total";6275
"Lizartza";"Renta disponible";"Total";16424
"Loiu";"Renta total";"Total";23942
"Loiu";"Renta del trabajo";"Total";15769
"Loiu";"Renta capital mobiliario";"Total";1454
"Loiu";"Renta capital inmobiliario";"Total";728
"Loiu";"Renta de actividades";"Total";1352
"Loiu";"Transferencias";"Total";4638
"Loiu";"Renta disponible";"Total";19319
"Mallabia";"Renta total";"Total";21164
"Mallabia";"Renta del trabajo";"Total";13210
"Mallabia";"Renta capital mobiliario";"Total";866
"Mallabia";"Renta capital inmobiliario";"Total";350
"Mallabia";"Renta de actividades";"Total";1272
"Mallabia";"Transferencias";"Total";5467
"Mallabia";"Renta disponible";"Total";17849
"Mañaria";"Renta total";"Total";21051
"Mañaria";"Renta del trabajo";"Total";12570
"Mañaria";"Renta capital mobiliario";"Total";2155
"Mañaria";"Renta capital inmobiliario";"Total";371
"Mañaria";"Renta de actividades";"Total";1271
"Mañaria";"Transferencias";"Total";4684
"Mañaria";"Renta disponible";"Total";17498
"Markina-Xemein";"Renta total";"Total";19736
"Markina-Xemein";"Renta del trabajo";"Total";12426
"Markina-Xemein";"Renta capital mobiliario";"Total";1127
"Markina-Xemein";"Renta capital inmobiliario";"Total";326
"Markina-Xemein";"Renta de actividades";"Total";1076
"Markina-Xemein";"Transferencias";"Total";4782
"Markina-Xemein";"Renta disponible";"Total";16772
"Maruri-Jatabe";"Renta total";"Total";24690
"Maruri-Jatabe";"Renta del trabajo";"Total";16061
"Maruri-Jatabe";"Renta capital mobiliario";"Total";1065
"Maruri-Jatabe";"Renta capital inmobiliario";"Total";867
"Maruri-Jatabe";"Renta de actividades";"Total";1252
"Maruri-Jatabe";"Transferencias";"Total";5446
"Maruri-Jatabe";"Renta disponible";"Total";20195
"Mendaro";"Renta total";"Total";21901
"Mendaro";"Renta del trabajo";"Total";15213
"Mendaro";"Renta capital mobiliario";"Total";515
"Mendaro";"Renta capital inmobiliario";"Total";213
"Mendaro";"Renta de actividades";"Total";873
"Mendaro";"Transferencias";"Total";5086
"Mendaro";"Renta disponible";"Total";18503
"Mendata";"Renta total";"Total";21245
"Mendata";"Renta del trabajo";"Total";13286
"Mendata";"Renta capital mobiliario";"Total";1002
"Mendata";"Renta capital inmobiliario";"Total";349
"Mendata";"Renta de actividades";"Total";999
"Mendata";"Transferencias";"Total";5609
"Mendata";"Renta disponible";"Total";17954
"Mendexa";"Renta total";"Total";20137
"Mendexa";"Renta del trabajo";"Total";11557
"Mendexa";"Renta capital mobiliario";"Total";978
"Mendexa";"Renta capital inmobiliario";"Total";736
"Mendexa";"Renta de actividades";"Total";1909
"Mendexa";"Transferencias";"Total";4957
"Mendexa";"Renta disponible";"Total";16905
"Meñaka";"Renta total";"Total";21992
"Meñaka";"Renta del trabajo";"Total";13215
"Meñaka";"Renta capital mobiliario";"Total";1407
"Meñaka";"Renta capital inmobiliario";"Total";610
"Meñaka";"Renta de actividades";"Total";1112
"Meñaka";"Transferencias";"Total";5647
"Meñaka";"Renta disponible";"Total";18557
"Moreda de Álava/Moreda Araba";"Renta total";"Total";15043
"Moreda de Álava/Moreda Araba";"Renta del trabajo";"Total";6785
"Moreda de Álava/Moreda Araba";"Renta capital mobiliario";"Total";439
"Moreda de Álava/Moreda Araba";"Renta capital inmobiliario";"Total";146
"Moreda de Álava/Moreda Araba";"Renta de actividades";"Total";3206
"Moreda de Álava/Moreda Araba";"Transferencias";"Total";4467
"Moreda de Álava/Moreda Araba";"Renta disponible";"Total";12980
"Morga";"Renta total";"Total";20956
"Morga";"Renta del trabajo";"Total";11345
"Morga";"Renta capital mobiliario";"Total";1736
"Morga";"Renta capital inmobiliario";"Total";642
"Morga";"Renta de actividades";"Total";1686
"Morga";"Transferencias";"Total";5547
"Morga";"Renta disponible";"Total";17535
"Mundaka";"Renta total";"Total";23422
"Mundaka";"Renta del trabajo";"Total";12311
"Mundaka";"Renta capital mobiliario";"Total";4662
"Mundaka";"Renta capital inmobiliario";"Total";453
"Mundaka";"Renta de actividades";"Total";913
"Mundaka";"Transferencias";"Total";5084
"Mundaka";"Renta disponible";"Total";19253
"Mungia";"Renta total";"Total";22739
"Mungia";"Renta del trabajo";"Total";15099
"Mungia";"Renta capital mobiliario";"Total";1439
"Mungia";"Renta capital inmobiliario";"Total";548
"Mungia";"Renta de actividades";"Total";1213
"Mungia";"Transferencias";"Total";4439
"Mungia";"Renta disponible";"Total";18575
"Munitibar-Arbatzegi Gerrikaitz";"Renta total";"Total";18350
"Munitibar-Arbatzegi Gerrikaitz";"Renta del trabajo";"Total";10594
"Munitibar-Arbatzegi Gerrikaitz";"Renta capital mobiliario";"Total";1047
"Munitibar-Arbatzegi Gerrikaitz";"Renta capital inmobiliario";"Total";159
"Munitibar-Arbatzegi Gerrikaitz";"Renta de actividades";"Total";1175
"Munitibar-Arbatzegi Gerrikaitz";"Transferencias";"Total";5375
"Munitibar-Arbatzegi Gerrikaitz";"Renta disponible";"Total";15813
"Murueta";"Renta total";"Total";23879
"Murueta";"Renta del trabajo";"Total";17411
"Murueta";"Renta capital mobiliario";"Total";1144
"Murueta";"Renta capital inmobiliario";"Total";247
"Murueta";"Renta de actividades";"Total";766
"Murueta";"Transferencias";"Total";4310
"Murueta";"Renta disponible";"Total";19392
"Muskiz";"Renta total";"Total";18243
"Muskiz";"Renta del trabajo";"Total";12142
"Muskiz";"Renta capital mobiliario";"Total";427
"Muskiz";"Renta capital inmobiliario";"Total";252
"Muskiz";"Renta de actividades";"Total";678
"Muskiz";"Transferencias";"Total";4744
"Muskiz";"Renta disponible";"Total";15416
"Mutiloa";"Renta total";"Total";26500
"Mutiloa";"Renta del trabajo";"Total";16045
"Mutiloa";"Renta capital mobiliario";"Total";2015
"Mutiloa";"Renta capital inmobiliario";"Total";360
"Mutiloa";"Renta de actividades";"Total";2479
"Mutiloa";"Transferencias";"Total";5601
"Mutiloa";"Renta disponible";"Total";22478
"Mutriku";"Renta total";"Total";20482
"Mutriku";"Renta del trabajo";"Total";13383
"Mutriku";"Renta capital mobiliario";"Total";580
"Mutriku";"Renta capital inmobiliario";"Total";268
"Mutriku";"Renta de actividades";"Total";794
"Mutriku";"Transferencias";"Total";5457
"Mutriku";"Renta disponible";"Total";17493
"Muxika";"Renta total";"Total";19902
"Muxika";"Renta del trabajo";"Total";12849
"Muxika";"Renta capital mobiliario";"Total";868
"Muxika";"Renta capital inmobiliario";"Total";291
"Muxika";"Renta de actividades";"Total";775
"Muxika";"Transferencias";"Total";5120
"Muxika";"Renta disponible";"Total";16835
"Nabarniz";"Renta total";"Total";21475
"Nabarniz";"Renta del trabajo";"Total";15429
"Nabarniz";"Renta capital mobiliario";"Total";624
"Nabarniz";"Renta capital inmobiliario";"Total";229
"Nabarniz";"Renta de actividades";"Total";867
"Nabarniz";"Transferencias";"Total";4327
"Nabarniz";"Renta disponible";"Total";17906
"Navaridas";"Renta total";"Total";11156
"Navaridas";"Renta del trabajo";"Total";3098
"Navaridas";"Renta capital mobiliario";"Total";250
"Navaridas";"Renta capital inmobiliario";"Total";324
"Navaridas";"Renta de actividades";"Total";5456
"Navaridas";"Transferencias";"Total";2029
"Navaridas";"Renta disponible";"Total";9679
"Oiartzun";"Renta total";"Total";20797
"Oiartzun";"Renta del trabajo";"Total";12695
"Oiartzun";"Renta capital mobiliario";"Total";1071
"Oiartzun";"Renta capital inmobiliario";"Total";668
"Oiartzun";"Renta de actividades";"Total";1130
"Oiartzun";"Transferencias";"Total";5231
"Oiartzun";"Renta disponible";"Total";17613
"Okondo";"Renta total";"Total";17374
"Okondo";"Renta del trabajo";"Total";11742
"Okondo";"Renta capital mobiliario";"Total";318
"Okondo";"Renta capital inmobiliario";"Total";276
"Okondo";"Renta de actividades";"Total";811
"Okondo";"Transferencias";"Total";4227
"Okondo";"Renta disponible";"Total";14729
"Olaberria";"Renta total";"Total";22558
"Olaberria";"Renta del trabajo";"Total";14168
"Olaberria";"Renta capital mobiliario";"Total";911
"Olaberria";"Renta capital inmobiliario";"Total";149
"Olaberria";"Renta de actividades";"Total";500
"Olaberria";"Transferencias";"Total";6830
"Olaberria";"Renta disponible";"Total";19055
"Ondarroa";"Renta total";"Total";17255
"Ondarroa";"Renta del trabajo";"Total";9949
"Ondarroa";"Renta capital mobiliario";"Total";1062
"Ondarroa";"Renta capital inmobiliario";"Total";298
"Ondarroa";"Renta de actividades";"Total";663
"Ondarroa";"Transferencias";"Total";5283
"Ondarroa";"Renta disponible";"Total";14889
"Oñati";"Renta total";"Total";25336
"Oñati";"Renta del trabajo";"Total";14521
"Oñati";"Renta capital mobiliario";"Total";2337
"Oñati";"Renta capital inmobiliario";"Total";275
"Oñati";"Renta de actividades";"Total";824
"Oñati";"Transferencias";"Total";7379
"Oñati";"Renta disponible";"Total";21622
"Ordizia";"Renta total";"Total";21639
"Ordizia";"Renta del trabajo";"Total";13089
"Ordizia";"Renta capital mobiliario";"Total";1246
"Ordizia";"Renta capital inmobiliario";"Total";323
"Ordizia";"Renta de actividades";"Total";826
"Ordizia";"Transferencias";"Total";6155
"Ordizia";"Renta disponible";"Total";18238
"Orendain";"Renta total";"Total";24578
"Orendain";"Renta del trabajo";"Total";15831
"Orendain";"Renta capital mobiliario";"Total";1409
"Orendain";"Renta capital inmobiliario";"Total";1262
"Orendain";"Renta de actividades";"Total";1674
"Orendain";"Transferencias";"Total";4401
"Orendain";"Renta disponible";"Total";20501
"Orexa";"Renta total";"Total";23697
"Orexa";"Renta del trabajo";"Total";15958
"Orexa";"Renta capital mobiliario";"Total";1086
"Orexa";"Renta capital inmobiliario";"Total";142
"Orexa";"Renta de actividades";"Total";807
"Orexa";"Transferencias";"Total";5705
"Orexa";"Renta disponible";"Total";20221
"Orio";"Renta total";"Total";21640
"Orio";"Renta del trabajo";"Total";13797
"Orio";"Renta capital mobiliario";"Total";1121
"Orio";"Renta capital inmobiliario";"Total";565
"Orio";"Renta de actividades";"Total";1149
"Orio";"Transferencias";"Total";5008
"Orio";"Renta disponible";"Total";18288
"Ormaiztegi";"Renta total";"Total";24737
"Ormaiztegi";"Renta del trabajo";"Total";14333
"Ormaiztegi";"Renta capital mobiliario";"Total";3088
"Ormaiztegi";"Renta capital inmobiliario";"Total";252
"Ormaiztegi";"Renta de actividades";"Total";635
"Ormaiztegi";"Transferencias";"Total";6428
"Ormaiztegi";"Renta disponible";"Total";21074
"Orozko";"Renta total";"Total";20465
"Orozko";"Renta del trabajo";"Total";13157
"Orozko";"Renta capital mobiliario";"Total";1015
"Orozko";"Renta capital inmobiliario";"Total";305
"Orozko";"Renta de actividades";"Total";979
"Orozko";"Transferencias";"Total";5009
"Orozko";"Renta disponible";"Total";17203
"Ortuella";"Renta total";"Total";16141
"Ortuella";"Renta del trabajo";"Total";9915
"Ortuella";"Renta capital mobiliario";"Total";290
"Ortuella";"Renta capital inmobiliario";"Total";148
"Ortuella";"Renta de actividades";"Total";590
"Ortuella";"Transferencias";"Total";5198
"Ortuella";"Renta disponible";"Total";13980
"Otxandio";"Renta total";"Total";20194
"Otxandio";"Renta del trabajo";"Total";13259
"Otxandio";"Renta capital mobiliario";"Total";751
"Otxandio";"Renta capital inmobiliario";"Total";315
"Otxandio";"Renta de actividades";"Total";680
"Otxandio";"Transferencias";"Total";5189
"Otxandio";"Renta disponible";"Total";17216
"Oyón-Oion";"Renta total";"Total";16544
"Oyón-Oion";"Renta del trabajo";"Total";9677
"Oyón-Oion";"Renta capital mobiliario";"Total";833
"Oyón-Oion";"Renta capital inmobiliario";"Total";368
"Oyón-Oion";"Renta de actividades";"Total";1631
"Oyón-Oion";"Transferencias";"Total";4035
"Oyón-Oion";"Renta disponible";"Total";14121
"Pasaia";"Renta total";"Total";16658
"Pasaia";"Renta del trabajo";"Total";9703
"Pasaia";"Renta capital mobiliario";"Total";442
"Pasaia";"Renta capital inmobiliario";"Total";219
"Pasaia";"Renta de actividades";"Total";673
"Pasaia";"Transferencias";"Total";5620
"Pasaia";"Renta disponible";"Total";14549
"Peñacerrada-Urizaharra";"Renta total";"Total";23723
"Peñacerrada-Urizaharra";"Renta del trabajo";"Total";14678
"Peñacerrada-Urizaharra";"Renta capital mobiliario";"Total";406
"Peñacerrada-Urizaharra";"Renta capital inmobiliario";"Total";768
"Peñacerrada-Urizaharra";"Renta de actividades";"Total";2721
"Peñacerrada-Urizaharra";"Transferencias";"Total";5150
"Peñacerrada-Urizaharra";"Renta disponible";"Total";19404
"Plentzia";"Renta total";"Total";22374
"Plentzia";"Renta del trabajo";"Total";14469
"Plentzia";"Renta capital mobiliario";"Total";1273
"Plentzia";"Renta capital inmobiliario";"Total";536
"Plentzia";"Renta de actividades";"Total";1164
"Plentzia";"Transferencias";"Total";4932
"Plentzia";"Renta disponible";"Total";18292
"Portugalete";"Renta total";"Total";17425
"Portugalete";"Renta del trabajo";"Total";10225
"Portugalete";"Renta capital mobiliario";"Total";532
"Portugalete";"Renta capital inmobiliario";"Total";225
"Portugalete";"Renta de actividades";"Total";590
"Portugalete";"Transferencias";"Total";5853
"Portugalete";"Renta disponible";"Total";14932
"Ribera Baja/Erribera Beitia";"Renta total";"Total";18221
"Ribera Baja/Erribera Beitia";"Renta del trabajo";"Total";12779
"Ribera Baja/Erribera Beitia";"Renta capital mobiliario";"Total";550
"Ribera Baja/Erribera Beitia";"Renta capital inmobiliario";"Total";259
"Ribera Baja/Erribera Beitia";"Renta de actividades";"Total";962
"Ribera Baja/Erribera Beitia";"Transferencias";"Total";3671
"Ribera Baja/Erribera Beitia";"Renta disponible";"Total";15286
"Samaniego";"Renta total";"Total";17518
"Samaniego";"Renta del trabajo";"Total";8286
"Samaniego";"Renta capital mobiliario";"Total";415
"Samaniego";"Renta capital inmobiliario";"Total";576
"Samaniego";"Renta de actividades";"Total";4631
"Samaniego";"Transferencias";"Total";3610
"Samaniego";"Renta disponible";"Total";14952
"San Millán/Donemiliaga";"Renta total";"Total";19762
"San Millán/Donemiliaga";"Renta del trabajo";"Total";11626
"San Millán/Donemiliaga";"Renta capital mobiliario";"Total";626
"San Millán/Donemiliaga";"Renta capital inmobiliario";"Total";380
"San Millán/Donemiliaga";"Renta de actividades";"Total";2195
"San Millán/Donemiliaga";"Transferencias";"Total";4934
"San Millán/Donemiliaga";"Renta disponible";"Total";16861
"Santurtzi";"Renta total";"Total";16818
"Santurtzi";"Renta del trabajo";"Total";10114
"Santurtzi";"Renta capital mobiliario";"Total";431
"Santurtzi";"Renta capital inmobiliario";"Total";238
"Santurtzi";"Renta de actividades";"Total";645
"Santurtzi";"Transferencias";"Total";5390
"Santurtzi";"Renta disponible";"Total";14460
"Segura";"Renta total";"Total";23792
"Segura";"Renta del trabajo";"Total";14671
"Segura";"Renta capital mobiliario";"Total";1892
"Segura";"Renta capital inmobiliario";"Total";286
"Segura";"Renta de actividades";"Total";663
"Segura";"Transferencias";"Total";6280
"Segura";"Renta disponible";"Total";20163
"Sestao";"Renta total";"Total";15057
"Sestao";"Renta del trabajo";"Total";8323
"Sestao";"Renta capital mobiliario";"Total";320
"Sestao";"Renta capital inmobiliario";"Total";137
"Sestao";"Renta de actividades";"Total";479
"Sestao";"Transferencias";"Total";5798
"Sestao";"Renta disponible";"Total";13206
"Sondika";"Renta total";"Total";21447
"Sondika";"Renta del trabajo";"Total";14211
"Sondika";"Renta capital mobiliario";"Total";1016
"Sondika";"Renta capital inmobiliario";"Total";496
"Sondika";"Renta de actividades";"Total";886
"Sondika";"Transferencias";"Total";4837
"Sondika";"Renta disponible";"Total";17713
"Sopela";"Renta total";"Total";23112
"Sopela";"Renta del trabajo";"Total";16390
"Sopela";"Renta capital mobiliario";"Total";771
"Sopela";"Renta capital inmobiliario";"Total";463
"Sopela";"Renta de actividades";"Total";1131
"Sopela";"Transferencias";"Total";4357
"Sopela";"Renta disponible";"Total";18970
"Sopuerta";"Renta total";"Total";18100
"Sopuerta";"Renta del trabajo";"Total";10852
"Sopuerta";"Renta capital mobiliario";"Total";836
"Sopuerta";"Renta capital inmobiliario";"Total";247
"Sopuerta";"Renta de actividades";"Total";808
"Sopuerta";"Transferencias";"Total";5357
"Sopuerta";"Renta disponible";"Total";15486
"Soraluze/Placencia de las Armas";"Renta total";"Total";19093
"Soraluze/Placencia de las Armas";"Renta del trabajo";"Total";10700
"Soraluze/Placencia de las Armas";"Renta capital mobiliario";"Total";902
"Soraluze/Placencia de las Armas";"Renta capital inmobiliario";"Total";261
"Soraluze/Placencia de las Armas";"Renta de actividades";"Total";596
"Soraluze/Placencia de las Armas";"Transferencias";"Total";6634
"Soraluze/Placencia de las Armas";"Renta disponible";"Total";16488
"Sukarrieta";"Renta total";"Total";28445
"Sukarrieta";"Renta del trabajo";"Total";13012
"Sukarrieta";"Renta capital mobiliario";"Total";4485
"Sukarrieta";"Renta capital inmobiliario";"Total";927
"Sukarrieta";"Renta de actividades";"Total";3451
"Sukarrieta";"Transferencias";"Total";6570
"Sukarrieta";"Renta disponible";"Total";22395
"Tolosa";"Renta total";"Total";22454
"Tolosa";"Renta del trabajo";"Total";13372
"Tolosa";"Renta capital mobiliario";"Total";1159
"Tolosa";"Renta capital inmobiliario";"Total";552
"Tolosa";"Renta de actividades";"Total";907
"Tolosa";"Transferencias";"Total";6464
"Tolosa";"Renta disponible";"Total";18927
"Trucios-Turtzioz";"Renta total";"Total";15532
"Trucios-Turtzioz";"Renta del trabajo";"Total";7926
"Trucios-Turtzioz";"Renta capital mobiliario";"Total";1038
"Trucios-Turtzioz";"Renta capital inmobiliario";"Total";206
"Trucios-Turtzioz";"Renta de actividades";"Total";1320
"Trucios-Turtzioz";"Transferencias";"Total";5042
"Trucios-Turtzioz";"Renta disponible";"Total";13173
"Ubide";"Renta total";"Total";17997
"Ubide";"Renta del trabajo";"Total";11821
"Ubide";"Renta capital mobiliario";"Total";309
"Ubide";"Renta capital inmobiliario";"Total";152
"Ubide";"Renta de actividades";"Total";529
"Ubide";"Transferencias";"Total";5187
"Ubide";"Renta disponible";"Total";15430
"Ugao-Miraballes";"Renta total";"Total";18100
"Ugao-Miraballes";"Renta del trabajo";"Total";11609
"Ugao-Miraballes";"Renta capital mobiliario";"Total";490
"Ugao-Miraballes";"Renta capital inmobiliario";"Total";325
"Ugao-Miraballes";"Renta de actividades";"Total";633
"Ugao-Miraballes";"Transferencias";"Total";5043
"Ugao-Miraballes";"Renta disponible";"Total";15441
"Urdúliz";"Renta total";"Total";21310
"Urdúliz";"Renta del trabajo";"Total";14785
"Urdúliz";"Renta capital mobiliario";"Total";826
"Urdúliz";"Renta capital inmobiliario";"Total";396
"Urdúliz";"Renta de actividades";"Total";1006
"Urdúliz";"Transferencias";"Total";4298
"Urdúliz";"Renta disponible";"Total";17812
"Urduña/Orduña";"Renta total";"Total";18107
"Urduña/Orduña";"Renta del trabajo";"Total";10695
"Urduña/Orduña";"Renta capital mobiliario";"Total";681
"Urduña/Orduña";"Renta capital inmobiliario";"Total";226
"Urduña/Orduña";"Renta de actividades";"Total";798
"Urduña/Orduña";"Transferencias";"Total";5706
"Urduña/Orduña";"Renta disponible";"Total";15462
"Urkabustaiz";"Renta total";"Total";19968
"Urkabustaiz";"Renta del trabajo";"Total";13819
"Urkabustaiz";"Renta capital mobiliario";"Total";644
"Urkabustaiz";"Renta capital inmobiliario";"Total";301
"Urkabustaiz";"Renta de actividades";"Total";1272
"Urkabustaiz";"Transferencias";"Total";3932
"Urkabustaiz";"Renta disponible";"Total";16741
"Urnieta";"Renta total";"Total";19559
"Urnieta";"Renta del trabajo";"Total";12904
"Urnieta";"Renta capital mobiliario";"Total";647
"Urnieta";"Renta capital inmobiliario";"Total";376
"Urnieta";"Renta de actividades";"Total";1064
"Urnieta";"Transferencias";"Total";4569
"Urnieta";"Renta disponible";"Total";16640
"Urretxu";"Renta total";"Total";22372
"Urretxu";"Renta del trabajo";"Total";13722
"Urretxu";"Renta capital mobiliario";"Total";1260
"Urretxu";"Renta capital inmobiliario";"Total";311
"Urretxu";"Renta de actividades";"Total";898
"Urretxu";"Transferencias";"Total";6181
"Urretxu";"Renta disponible";"Total";19062
"Usurbil";"Renta total";"Total";20979
"Usurbil";"Renta del trabajo";"Total";13088
"Usurbil";"Renta capital mobiliario";"Total";833
"Usurbil";"Renta capital inmobiliario";"Total";373
"Usurbil";"Renta de actividades";"Total";1016
"Usurbil";"Transferencias";"Total";5669
"Usurbil";"Renta disponible";"Total";17862
"Valdegovía/Gaubea";"Renta total";"Total";18402
"Valdegovía/Gaubea";"Renta del trabajo";"Total";9780
"Valdegovía/Gaubea";"Renta capital mobiliario";"Total";831
"Valdegovía/Gaubea";"Renta capital inmobiliario";"Total";349
"Valdegovía/Gaubea";"Renta de actividades";"Total";1674
"Valdegovía/Gaubea";"Transferencias";"Total";5767
"Valdegovía/Gaubea";"Renta disponible";"Total";15772
"Valle de Trápaga-Trapagaran";"Renta total";"Total";16936
"Valle de Trápaga-Trapagaran";"Renta del trabajo";"Total";10259
"Valle de Trápaga-Trapagaran";"Renta capital mobiliario";"Total";441
"Valle de Trápaga-Trapagaran";"Renta capital inmobiliario";"Total";187
"Valle de Trápaga-Trapagaran";"Renta de actividades";"Total";647
"Valle de Trápaga-Trapagaran";"Transferencias";"Total";5403
"Valle de Trápaga-Trapagaran";"Renta disponible";"Total";14566
"Villabona";"Renta total";"Total";19216
"Villabona";"Renta del trabajo";"Total";11678
"Villabona";"Renta capital mobiliario";"Total";723
"Villabona";"Renta capital inmobiliario";"Total";324
"Villabona";"Renta de actividades";"Total";839
"Villabona";"Transferencias";"Total";5651
"Villabona";"Renta disponible";"Total";16439
"Villabuena de Álava/Eskuernaga";"Renta total";"Total";15476
"Villabuena de Álava/Eskuernaga";"Renta del trabajo";"Total";3830
"Villabuena de Álava/Eskuernaga";"Renta capital mobiliario";"Total";695
"Villabuena de Álava/Eskuernaga";"Renta capital inmobiliario";"Total";473
"Villabuena de Álava/Eskuernaga";"Renta de actividades";"Total";6536
"Villabuena de Álava/Eskuernaga";"Transferencias";"Total";3943
"Villabuena de Álava/Eskuernaga";"Renta disponible";"Total";13475
"Vitoria-Gasteiz";"Renta total";"Total";20115
"Vitoria-Gasteiz";"Renta del trabajo";"Total";12404
"Vitoria-Gasteiz";"Renta capital mobiliario";"Total";1028
"Vitoria-Gasteiz";"Renta capital inmobiliario";"Total";415
"Vitoria-Gasteiz";"Renta de actividades";"Total";754
"Vitoria-Gasteiz";"Transferencias";"Total";5514
"Vitoria-Gasteiz";"Renta disponible";"Total";16848
"Yécora/Iekora";"Renta total";"Total";16040
"Yécora/Iekora";"Renta del trabajo";"Total";4133
"Yécora/Iekora";"Renta capital mobiliario";"Total";853
"Yécora/Iekora";"Renta capital inmobiliario";"Total";387
"Yécora/Iekora";"Renta de actividades";"Total";6956
"Yécora/Iekora";"Transferencias";"Total";3712
"Yécora/Iekora";"Renta disponible";"Total";13780
"Zaldibar";"Renta total";"Total";22319
"Zaldibar";"Renta del trabajo";"Total";13603
"Zaldibar";"Renta capital mobiliario";"Total";2296
"Zaldibar";"Renta capital inmobiliario";"Total";370
"Zaldibar";"Renta de actividades";"Total";803
"Zaldibar";"Transferencias";"Total";5247
"Zaldibar";"Renta disponible";"Total";18696
"Zaldibia";"Renta total";"Total";22200
"Zaldibia";"Renta del trabajo";"Total";12698
"Zaldibia";"Renta capital mobiliario";"Total";1184
"Zaldibia";"Renta capital inmobiliario";"Total";347
"Zaldibia";"Renta de actividades";"Total";913
"Zaldibia";"Transferencias";"Total";7058
"Zaldibia";"Renta disponible";"Total";18924
"Zalduondo";"Renta total";"Total";24493
"Zalduondo";"Renta del trabajo";"Total";13703
"Zalduondo";"Renta capital mobiliario";"Total";4472
"Zalduondo";"Renta capital inmobiliario";"Total";97
"Zalduondo";"Renta de actividades";"Total";1788
"Zalduondo";"Transferencias";"Total";4433
"Zalduondo";"Renta disponible";"Total";20136
"Zalla";"Renta total";"Total";17391
"Zalla";"Renta del trabajo";"Total";10616
"Zalla";"Renta capital mobiliario";"Total";438
"Zalla";"Renta capital inmobiliario";"Total";308
"Zalla";"Renta de actividades";"Total";898
"Zalla";"Transferencias";"Total";5129
"Zalla";"Renta disponible";"Total";14896
"Zambrana";"Renta total";"Total";17440
"Zambrana";"Renta del trabajo";"Total";10850
"Zambrana";"Renta capital mobiliario";"Total";306
"Zambrana";"Renta capital inmobiliario";"Total";288
"Zambrana";"Renta de actividades";"Total";671
"Zambrana";"Transferencias";"Total";5325
"Zambrana";"Renta disponible";"Total";14881
"Zamudio";"Renta total";"Total";20201
"Zamudio";"Renta del trabajo";"Total";12203
"Zamudio";"Renta capital mobiliario";"Total";1655
"Zamudio";"Renta capital inmobiliario";"Total";460
"Zamudio";"Renta de actividades";"Total";812
"Zamudio";"Transferencias";"Total";5072
"Zamudio";"Renta disponible";"Total";17081
"Zaratamo";"Renta total";"Total";18387
"Zaratamo";"Renta del trabajo";"Total";11174
"Zaratamo";"Renta capital mobiliario";"Total";581
"Zaratamo";"Renta capital inmobiliario";"Total";309
"Zaratamo";"Renta de actividades";"Total";764
"Zaratamo";"Transferencias";"Total";5558
"Zaratamo";"Renta disponible";"Total";15721
"Zarautz";"Renta total";"Total";22765
"Zarautz";"Renta del trabajo";"Total";13644
"Zarautz";"Renta capital mobiliario";"Total";1632
"Zarautz";"Renta capital inmobiliario";"Total";752
"Zarautz";"Renta de actividades";"Total";1200
"Zarautz";"Transferencias";"Total";5538
"Zarautz";"Renta disponible";"Total";18902
"Zeanuri";"Renta total";"Total";22949
"Zeanuri";"Renta del trabajo";"Total";14714
"Zeanuri";"Renta capital mobiliario";"Total";1138
"Zeanuri";"Renta capital inmobiliario";"Total";277
"Zeanuri";"Renta de actividades";"Total";1246
"Zeanuri";"Transferencias";"Total";5574
"Zeanuri";"Renta disponible";"Total";19116
"Zeberio";"Renta total";"Total";20409
"Zeberio";"Renta del trabajo";"Total";13376
"Zeberio";"Renta capital mobiliario";"Total";745
"Zeberio";"Renta capital inmobiliario";"Total";391
"Zeberio";"Renta de actividades";"Total";883
"Zeberio";"Transferencias";"Total";5014
"Zeberio";"Renta disponible";"Total";17094
"Zegama";"Renta total";"Total";22455
"Zegama";"Renta del trabajo";"Total";13719
"Zegama";"Renta capital mobiliario";"Total";1641
"Zegama";"Renta capital inmobiliario";"Total";260
"Zegama";"Renta de actividades";"Total";899
"Zegama";"Transferencias";"Total";5938
"Zegama";"Renta disponible";"Total";19275
"Zerain";"Renta total";"Total";25027
"Zerain";"Renta del trabajo";"Total";14280
"Zerain";"Renta capital mobiliario";"Total";2318
"Zerain";"Renta capital inmobiliario";"Total";241
"Zerain";"Renta de actividades";"Total";1054
"Zerain";"Transferencias";"Total";7135
"Zerain";"Renta disponible";"Total";20945
"Zestoa";"Renta total";"Total";19388
"Zestoa";"Renta del trabajo";"Total";11549
"Zestoa";"Renta capital mobiliario";"Total";633
"Zestoa";"Renta capital inmobiliario";"Total";229
"Zestoa";"Renta de actividades";"Total";1251
"Zestoa";"Transferencias";"Total";5726
"Zestoa";"Renta disponible";"Total";16680
"Zierbena";"Renta total";"Total";20962
"Zierbena";"Renta del trabajo";"Total";13948
"Zierbena";"Renta capital mobiliario";"Total";883
"Zierbena";"Renta capital inmobiliario";"Total";591
"Zierbena";"Renta de actividades";"Total";1007
"Zierbena";"Transferencias";"Total";4532
"Zierbena";"Renta disponible";"Total";17427
"Zigoitia";"Renta total";"Total";25338
"Zigoitia";"Renta del trabajo";"Total";16105
"Zigoitia";"Renta capital mobiliario";"Total";1589
"Zigoitia";"Renta capital inmobiliario";"Total";870
"Zigoitia";"Renta de actividades";"Total";1461
"Zigoitia";"Transferencias";"Total";5312
"Zigoitia";"Renta disponible";"Total";20704
"Ziortza-Bolibar";"Renta total";"Total";20846
"Ziortza-Bolibar";"Renta del trabajo";"Total";12350
"Ziortza-Bolibar";"Renta capital mobiliario";"Total";1653
"Ziortza-Bolibar";"Renta capital inmobiliario";"Total";294
"Ziortza-Bolibar";"Renta de actividades";"Total";1495
"Ziortza-Bolibar";"Transferencias";"Total";5055
"Ziortza-Bolibar";"Renta disponible";"Total";17749
"Zizurkil";"Renta total";"Total";20115
"Zizurkil";"Renta del trabajo";"Total";12138
"Zizurkil";"Renta capital mobiliario";"Total";969
"Zizurkil";"Renta capital inmobiliario";"Total";521
"Zizurkil";"Renta de actividades";"Total";703
"Zizurkil";"Transferencias";"Total";5784
"Zizurkil";"Renta disponible";"Total";17222
"Zuia";"Renta total";"Total";24566
"Zuia";"Renta del trabajo";"Total";17102
"Zuia";"Renta capital mobiliario";"Total";911
"Zuia";"Renta capital inmobiliario";"Total";470
"Zuia";"Renta de actividades";"Total";1438
"Zuia";"Transferencias";"Total";4645
"Zuia";"Renta disponible";"Total";19919
"Zumaia";"Renta total";"Total";22234
"Zumaia";"Renta del trabajo";"Total";13480
"Zumaia";"Renta capital mobiliario";"Total";1673
"Zumaia";"Renta capital inmobiliario";"Total";436
"Zumaia";"Renta de actividades";"Total";984
"Zumaia";"Transferencias";"Total";5662
"Zumaia";"Renta disponible";"Total";18725
"Zumarraga";"Renta total";"Total";20472
"Zumarraga";"Renta del trabajo";"Total";12189
"Zumarraga";"Renta capital mobiliario";"Total";788
"Zumarraga";"Renta capital inmobiliario";"Total";209
"Zumarraga";"Renta de actividades";"Total";706
"Zumarraga";"Transferencias";"Total";6579
"Zumarraga";"Renta disponible";"Total";17701